day,date,gross,disc,net,ex_gst
Sat,2022-04-16,9749.34,2037.0,7712.34,7011.22
Mon,2022-04-18,4869.74,974.0,3895.74,3541.58
Tue,2022-04-19,4259.73,704.5,3555.23,3232.03
Wed,2022-04-20,2789.8,316.5,2473.3,2248.45
Thu,2022-04-21,6738.6,1536.0,5202.6,4729.64
Fri,2022-04-22,4349.7,522.5,3827.2,3479.27
Sat,2022-04-23,7259.52,1301.5,5958.02,5416.38
Sun,2022-04-24,4584.7,623.5,3961.2,3601.09
Mon,2022-04-25,1699.88,199.0,1500.88,1364.44
Tue,2022-04-26,5439.67,1074.0,4365.67,3968.79
Wed,2022-04-27,4290.7,743.1,3547.6,3225.09
Thu,2022-04-28,7184.59,1426.5,5758.09,5234.63
Fri,2022-04-29,7369.77,1459.0,5910.77,5373.43
Sat,2022-04-30,10369.38,2188.0,8181.38,7437.62
Sun,2022-01-05,6850.08,1346.25,5503.83,5003.48
Mon,2022-02-05,3379.81,698.0,2681.81,2438.01
Tue,2022-03-05,4934.65,1094.5,3840.15,3491.05
Wed,2022-04-05,7001.08,1558.75,5442.33,4947.57
Thu,2022-05-05,3809.74,745.0,3064.74,2786.13
Fri,2022-06-05,4192.73,883.28,3309.45,3008.59
Sat,2022-07-05,18138.97,3674.0,14464.97,13149.97
Sun,2022-08-05,8304.61,1611.0,6693.61,6085.1
Mon,2022-09-05,4599.66,1004.02,3595.64,3268.76
Tue,2022-10-05,3339.82,760.51,2579.31,2344.83
Wed,2022-11-05,3729.75,711.59,3018.16,2743.78
Thu,2022-12-05,2349.85,391.51,1958.34,1780.31
Fri,2022-05-13,2599.84,263.82,2336.02,2123.65
Sat,2022-05-14,5317.98,1008.31,4309.67,3917.88
Sun,2022-05-15,4569.71,622.01,3947.7,3588.82
Mon,2022-05-16,5004.71,1002.51,4002.2,3638.36
Tue,2022-05-17,2298.88,357.0,1941.88,1765.35
Wed,2022-05-18,3755.72,491.0,3264.72,2967.93
Thu,2022-05-19,3639.76,561.99,3077.77,2797.97
Fri,2022-05-20,3909.76,827.09,3082.67,2802.43
Sat,2022-05-21,7668.58,1703.88,5964.7,5422.45
Sun,2022-05-22,6374.67,1253.05,5121.62,4656.02
Mon,2022-05-23,3239.77,709.0,2530.77,2300.7
Tue,2022-05-24,2569.81,433.0,2136.81,1942.55
Wed,2022-05-25,3969.76,788.0,3181.76,2892.51
Thu,2022-05-26,4609.75,922.0,3687.75,3352.5
Fri,2022-05-27,2619.84,512.0,2107.84,1916.22
Sat,2022-05-28,9938.63,1954.0,7984.63,7258.75
Sun,2022-05-29,9955.87,1966.0,7989.87,7263.52
Mon,2022-05-30,299.97,59.0,240.97,219.06
Tue,2022-05-31,4883.75,360.0,4523.75,4112.5
Wed,2022-01-06,5286.79,387.9,4898.89,4453.54
Thu,2022-02-06,2750.85,179.01,2571.84,2338.04
Fri,2022-03-06,4432.8,258.9,4173.9,3794.45
Sat,2022-04-06,9596.59,813.0,8783.59,7985.08
Sun,2022-05-06,3908.83,212.0,3696.83,3360.75
Mon,2022-06-06,4472.77,319.0,4153.77,3776.15
Tue,2022-07-06,3613.84,301.0,3312.84,3011.67
Wed,2022-08-06,3168.8,249.5,2919.3,2653.91
Thu,2022-09-06,2977.87,280.0,2697.87,2452.61
Fri,2022-10-06,5292.53,1002.4,4290.13,3900.12
Sat,2022-11-06,12434.34,2562.8,9871.54,8974.13
Sun,2022-12-06,5414.78,1083.0,4331.78,3937.98
Mon,2022-06-13,4662.79,932.6,3730.19,3391.08
Tue,2022-06-14,2743.85,548.8,2195.05,1995.5
Wed,2022-06-15,3613.77,722.8,2890.97,2628.15
Thu,2022-06-16,4436.72,769.4,3667.32,3333.93
Fri,2022-06-17,5248.73,711.7,4537.03,4124.57
Sat,2022-06-18,7793.61,1441.3,6352.31,5774.83
Sun,2022-06-19,6320.68,720.2,5600.48,5091.35
Mon,2022-06-20,3781.78,458.4,3323.38,3021.25
Tue,2022-06-21,3929.82,913.6,3016.22,2742.02
Wed,2022-06-22,2989.88,628.9,2360.98,2146.35
Thu,2022-06-23,6652.7,1200.6,5452.1,4956.45
Fri,2022-06-24,3092.78,683.65,2409.13,2190.12
Sat,2022-06-25,5853.71,1385.0,4468.71,4062.46
Sun,2022-06-26,6072.74,1302.4,4770.34,4336.67
Mon,2022-06-27,1723.91,102.3,1621.61,1474.19
Tue,2022-06-28,2088.89,266.5,1822.39,1656.72
Wed,2022-06-29,3991.79,587.3,3404.49,3094.99
Thu,2022-06-30,3011.76,331.2,2680.56,2436.87
Fri,2022-01-07,1272.95,145.5,1127.45,1024.95
Sat,2022-02-07,2817.84,783.7,2034.14,1849.22
Sun,2022-03-07,2573.89,354.2,2219.69,2017.9
Mon,2022-04-07,1958.91,337.0,1621.91,1474.46
Tue,2022-05-07,1628.91,339.0,1289.91,1172.65
Wed,2022-06-07,3864.81,634.0,3230.81,2937.1
Thu,2022-07-07,4252.84,711.0,3541.84,3219.85
Fri,2022-08-07,3403.83,690.6,2713.23,2466.57
Sat,2022-09-07,4314.68,824.5,3490.18,3172.89
Sun,2022-10-07,4426.76,837.0,3589.76,3263.42
Mon,2022-11-07,2717.84,413.0,2304.84,2095.31
Tue,2022-12-07,3900.77,829.0,3071.77,2792.52
Wed,2022-07-13,1599.9,402.0,1197.9,1089.0
Thu,2022-07-14,2704.85,780.0,1924.85,1749.86
Fri,2022-07-15,2030.86,330.0,1700.86,1546.24
Sat,2022-07-16,6294.63,1242.5,5052.13,4592.85
Sun,2022-07-17,2099.84,336.0,1763.84,1603.49
Mon,2022-07-18,1446.95,430.5,1016.45,924.05
Tue,2022-07-19,2749.88,450.0,2299.88,2090.8
Wed,2022-07-20,3199.78,487.0,2712.78,2466.16
Thu,2022-07-21,1789.88,486.98,1302.9,1184.45
Fri,2022-07-22,869.94,134.0,735.94,669.04
Sat,2022-07-23,6014.64,1211.99,4802.65,4366.05
Sun,2022-07-24,3739.76,925.96,2813.8,2558.0
Mon,2022-07-25,2727.84,523.99,2203.85,2003.5
Tue,2022-07-26,2079.91,504.99,1574.92,1431.75
Wed,2022-07-27,2829.81,566.0,2263.81,2058.01
Thu,2022-07-28,3018.8,470.0,2548.8,2317.09
Fri,2022-07-29,6481.68,2268.09,4213.59,3830.54
Sat,2022-07-30,3008.84,653.94,2354.9,2140.82
Sun,2022-07-31,5868.69,1412.8,4455.89,4050.81
Mon,2022-01-08,2328.87,870.96,1457.91,1325.37
Tue,2022-02-08,2284.91,109.0,2175.91,1978.1
Wed,2022-03-08,3547.89,270.99,3276.9,2979.0
Thu,2022-04-08,2379.9,147.0,2232.9,2029.91
Fri,2022-05-08,2440.9,116.0,2324.9,2113.55
Sat,2022-06-08,3465.81,183.0,3282.81,2984.37
Sun,2022-07-08,2134.86,111.0,2023.86,1839.87
Mon,2022-08-08,4147.87,303.0,3844.87,3495.34
Tue,2022-09-08,1018.95,93.0,925.95,841.77
Wed,2022-10-08,1804.92,102.0,1702.92,1548.11
Thu,2022-11-08,2307.85,194.0,2113.85,1921.68
Fri,2022-12-08,5900.76,705.26,5195.5,4723.18
Sat,2022-08-13,3562.79,279.0,3283.79,2985.26
Sun,2022-08-14,3721.79,488.01,3233.78,2939.8
Mon,2022-08-15,2643.86,196.0,2447.86,2225.33
Tue,2022-08-16,1764.89,73.0,1691.89,1538.08
Wed,2022-08-17,1663.92,41.0,1622.92,1475.38
Thu,2022-08-18,3706.73,695.0,3011.73,2737.94
Fri,2022-08-19,2958.8,493.5,2465.3,2241.18
Sat,2022-08-20,3907.8,650.0,3257.8,2961.64
Sun,2022-08-21,2613.86,408.0,2205.86,2005.33
Mon,2022-08-22,3507.77,354.0,3153.77,2867.06
Tue,2022-08-23,2847.82,324.0,2523.82,2294.38
Wed,2022-08-24,3246.78,330.0,2916.78,2651.62
Thu,2022-08-25,1795.89,268.0,1527.89,1388.99
Fri,2022-08-26,2848.81,448.0,2400.81,2182.55
Sat,2022-08-27,6072.63,971.0,5101.63,4637.85
Sun,2022-08-28,1956.86,322.5,1634.36,1485.78
Mon,2022-08-29,3813.74,553.5,3260.24,2963.85
Tue,2022-08-30,4626.67,765.0,3861.67,3510.61
Wed,2022-08-31,2618.83,439.5,2179.33,1981.21
Thu,2022-01-09,2475.81,292.5,2183.31,1984.83
Fri,2022-02-09,2948.76,439.51,2509.25,2281.14
Sat,2022-03-09,6184.58,1111.99,5072.59,4611.45
Sun,2022-04-09,3698.73,550.0,3148.73,2862.48
Mon,2022-05-09,1756.88,148.0,1608.88,1462.62
Tue,2022-06-09,5358.72,460.44,4898.28,4452.98
Wed,2022-07-09,3859.89,132.8,3727.09,3388.26
Thu,2022-08-09,850.96,39.0,811.96,738.15
Fri,2022-09-09,3609.83,266.98,3342.85,3038.95
Sat,2022-10-09,5920.75,351.5,5569.25,5062.95
Sun,2022-11-09,4518.78,394.93,4123.85,3748.95
Mon,2022-12-09,1762.94,76.0,1686.94,1533.58
Tue,2022-09-13,3340.8,244.0,3096.8,2815.27
Wed,2022-09-14,4563.77,932.6,3631.17,3301.06
Thu,2022-09-15,4345.81,895.2,3450.61,3136.92
Fri,2022-09-16,6498.78,904.15,5594.63,5086.03
Sat,2022-09-17,3370.81,254.68,3116.13,2832.85
Sun,2022-09-18,2972.84,229.0,2743.84,2494.4
Mon,2022-09-19,2760.82,232.96,2527.86,2298.05
Tue,2022-09-20,1604.91,214.0,1390.91,1264.46
Wed,2022-09-21,3333.81,294.0,3039.81,2763.46
Thu,2022-09-22,1833.87,145.5,1688.37,1534.88
Fri,2022-09-23,1808.33,135.2,1673.13,1521.03
Sat,2022-09-24,3540.76,296.55,3244.21,2949.28
Sun,2022-09-25,2587.77,312.94,2274.83,2068.03
Mon,2022-09-26,5031.65,529.67,4501.98,4092.71
Tue,2022-09-27,2780.79,321.14,2459.65,2236.05
Wed,2022-09-28,679.96,52.0,627.96,570.87
Thu,2022-09-29,2865.82,304.96,2560.86,2328.05
Fri,2022-09-30,1569.9,131.5,1438.4,1307.64
Sat,2022-01-10,4199.73,303.98,3895.75,3541.59
Sun,2022-02-10,1023.93,51.0,972.93,884.48
Mon,2022-03-10,1952.88,147.0,1805.88,1641.71
Tue,2022-04-10,3252.78,381.93,2870.85,2609.86
Wed,2022-05-10,1126.94,95.0,1031.94,938.13
Thu,2022-06-10,508.95,46.0,462.95,420.86
Fri,2022-07-10,2935.77,235.49,2700.28,2454.8
Sat,2022-08-10,5466.59,550.49,4916.1,4469.18
Sun,2022-09-10,4486.68,355.0,4131.68,3756.07
Mon,2022-10-10,1229.89,123.0,1106.89,1006.26
Tue,2022-11-10,3439.78,311.0,3128.78,2844.35
Wed,2022-12-10,2069.85,215.97,1853.88,1685.35
Thu,2022-10-13,5064.61,489.48,4575.13,4159.21
Fri,2022-10-14,4789.65,509.92,4279.73,3890.66
Sat,2022-10-15,3259.78,310.0,2949.78,2681.62
Sun,2022-10-16,5469.61,786.89,4682.72,4257.02
Mon,2022-10-17,709.96,46.0,663.96,603.6
Tue,2022-10-18,2374.84,261.47,2113.37,1921.25
Wed,2022-10-19,4329.74,480.99,3848.75,3498.86
Thu,2022-10-20,2239.84,354.94,1884.9,1713.55
Fri,2022-10-21,4184.67,501.47,3683.2,3348.36
Sat,2022-10-22,5249.59,749.85,4499.74,4090.67
Sun,2022-10-23,4638.69,625.93,4012.76,3647.96
Mon,2022-10-24,2479.81,223.95,2255.86,2050.78
Tue,2022-10-25,1259.91,170.97,1088.94,989.95
Wed,2022-10-26,3359.79,459.93,2899.86,2636.24
Thu,2022-10-27,2504.83,462.42,2042.41,1856.74
Fri,2022-10-28,2759.77,482.86,2276.91,2069.92
Sat,2022-10-29,3584.68,1067.39,2517.29,2288.45
Sun,2022-10-30,3828.69,557.89,3270.8,2973.45
Mon,2022-10-31,1519.91,187.98,1331.93,1210.85
Tue,2022-01-11,2944.76,567.16,2377.6,2161.45
Wed,2022-02-11,3669.68,787.18,2882.5,2620.45
Thu,2022-03-11,3759.73,822.0,2937.73,2670.66
Fri,2022-04-11,1639.86,155.99,1483.87,1348.97
Sat,2022-05-11,7104.49,1599.98,5504.51,5004.1
Sun,2022-06-11,5639.59,1300.97,4338.62,3944.2
Mon,2022-07-11,3799.7,775.97,3023.73,2748.85
Tue,2022-08-11,5393.32,975.75,4417.57,4015.97
Wed,2022-09-11,3694.73,739.0,2955.73,2687.03
Thu,2022-10-11,4399.74,888.99,3510.75,3191.59
Fri,2022-11-11,2369.79,359.95,2009.84,1827.13
Sat,2022-12-11,4014.67,553.44,3461.23,3146.57
Sun,2022-11-13,3409.75,677.97,2731.78,2483.44
Mon,2022-11-14,2459.79,100.01,2359.78,2145.25
Tue,2022-11-15,1348.9,146.99,1201.91,1092.65
Wed,2022-11-16,3309.69,434.93,2874.76,2613.42
Thu,2022-11-17,2769.78,421.9,2347.88,2134.44
Fri,2022-11-18,4474.67,478.43,3996.24,3632.95
Sat,2022-11-19,6654.52,866.42,5788.1,5261.91
Sun,2022-11-20,3983.81,569.93,3413.88,3103.53
Mon,2022-11-21,3159.74,344.95,2814.79,2558.9
Tue,2022-11-22,2169.83,279.58,1890.25,1718.41
Wed,2022-11-23,3819.71,984.02,2835.69,2577.9
Thu,2022-11-24,7404.46,2225.0,5179.46,4708.6
Fri,2022-11-25,9589.25,2576.0,7013.25,6375.68
Sat,2022-11-26,10109.18,2734.0,7375.18,6704.71
Sun,2022-11-27,10145.17,2771.6,7373.57,6703.25
Mon,2022-11-28,4619.63,1287.0,3332.63,3029.66
Tue,2022-11-29,4379.64,1184.5,3195.14,2904.67
Wed,2022-11-30,3079.75,478.0,2601.75,2365.23
Thu,2022-01-12,989.92,180.02,809.9,736.27
Fri,2022-02-12,1914.83,420.5,1494.33,1358.48
Sat,2022-03-12,3509.74,728.0,2781.74,2528.85
Sun,2022-04-12,2789.73,763.99,2025.74,1841.58
Mon,2022-05-12,3918.66,801.0,3117.66,2834.24
Tue,2022-06-12,1069.93,190.0,879.93,799.94
Wed,2022-07-12,4018.61,1183.0,2835.61,2577.83
Thu,2022-08-12,4869.65,1183.0,3686.65,3351.5
Fri,2022-09-12,3949.72,1044.0,2905.72,2641.56
Sat,2022-10-12,5253.6,1322.0,3931.6,3574.18
Sun,2022-11-12,4410.6,1008.5,3402.1,3092.82
Mon,2022-12-12,2469.81,408.0,2061.81,1874.37
Tue,2022-12-13,2029.78,429.5,1600.28,1454.8
Wed,2022-12-14,3669.7,782.5,2887.2,2624.73
Thu,2022-12-15,3780.69,832.01,2948.68,2680.62
Fri,2022-12-16,2408.81,538.0,1870.81,1700.74
Sat,2022-12-17,4099.64,965.0,3134.64,2849.67
Sun,2022-12-18,3853.7,704.25,3149.45,2863.14
Mon,2022-12-19,4139.7,1000.5,3139.2,2853.82
Tue,2022-12-20,5469.53,954.0,4515.53,4105.03
Wed,2022-12-21,6185.68,1077.96,5107.72,4643.38
Thu,2022-12-22,9320.5,558.0,8762.5,7965.91
Fri,2022-12-23,8800.47,503.25,8297.22,7542.93
Sat,2022-12-24,8626.52,659.0,7967.52,7243.2
Mon,2022-12-26,4073.86,133.0,3940.86,3582.6
Tue,2022-12-27,3417.84,121.0,3296.84,2997.13
Wed,2022-12-28,4292.26,157.5,4134.76,3758.87
Thu,2022-12-29,4916.8,219.5,4697.3,4270.27
Fri,2022-12-30,3619.85,162.0,3457.85,3143.5
Sat,2022-12-31,3724.83,125.0,3599.83,3272.57
Mon,2023-02-01,3685.8,267.0,3418.8,3108.0
Tue,2023-03-01,2682.88,120.0,2562.88,2329.89
Wed,2023-04-01,1364.38,37.5,1326.88,1206.25
Thu,2023-05-01,3053.85,473.4,2580.45,2345.86
Fri,2023-06-01,3425.82,671.2,2754.62,2504.2
Sat,2023-07-01,4243.82,729.61,3514.21,3194.74
Sun,2023-08-01,2301.86,401.8,1900.06,1727.33
Mon,2023-09-01,1721.93,278.2,1443.73,1312.48
Tue,2023-10-01,1282.94,278.6,1004.34,913.04
Wed,2023-11-01,5192.69,886.6,4306.09,3914.63
Thu,2023-12-01,2820.82,525.2,2295.62,2086.93
Fri,2023-01-13,2035.86,380.6,1655.26,1504.78
Sat,2023-01-14,2984.97,591.52,2393.45,2175.86
Sun,2023-01-15,1884.87,377.0,1507.87,1370.79
Mon,2023-01-16,759.94,161.8,598.14,543.76
Tue,2023-01-17,1861.92,322.4,1539.52,1399.56
Wed,2023-01-18,2974.81,575.4,2399.41,2181.28
Thu,2023-01-19,3513.75,706.2,2807.55,2552.32
Fri,2023-01-20,1739.93,382.2,1357.73,1234.3
Sat,2023-01-21,2225.85,538.7,1687.15,1533.77
Sun,2023-01-22,2414.86,548.5,1866.36,1696.69
Mon,2023-01-23,2186.91,230.5,1956.41,1778.55
Tue,2023-01-24,3173.8,862.5,2311.3,2101.18
Wed,2023-01-25,1343.89,315.7,1028.19,934.72
Thu,2023-01-26,1493.92,353.1,1140.82,1037.11
Fri,2023-01-27,1660.88,435.4,1225.48,1114.07
Sat,2023-01-28,2572.85,642.2,1930.65,1755.14
Sun,2023-01-29,2103.89,495.9,1607.99,1461.81
Mon,2023-01-30,1996.84,512.1,1484.74,1349.76
Tue,2023-01-31,1806.87,299.6,1507.27,1370.25
Wed,2023-01-02,1000.41,152.0,848.41,771.28
Thu,2023-02-02,3687.75,691.0,2996.75,2724.32
Fri,2023-03-02,3068.78,411.0,2657.78,2416.16
Sat,2023-04-02,4117.67,696.0,3421.67,3110.61
Sun,2023-05-02,1585.91,208.0,1377.91,1252.65
Mon,2023-06-02,3080.77,683.2,2397.57,2179.61
Tue,2023-07-02,599.95,101.5,498.45,453.14
Wed,2023-08-02,1639.89,336.0,1303.89,1185.35
Thu,2023-09-02,2628.84,315.0,2313.84,2103.49
Fri,2023-10-02,2374.81,286.0,2088.81,1898.92
Sat,2023-11-02,3247.76,555.0,2692.76,2447.96
Sun,2023-12-02,1758.85,327.0,1431.85,1301.68
Mon,2023-02-13,1639.89,217.0,1422.89,1293.54
Tue,2023-02-14,1939.86,354.0,1585.86,1441.69
Wed,2023-02-15,1809.87,209.0,1600.87,1455.34
Thu,2023-02-16,4749.66,629.0,4120.66,3746.05
Fri,2023-02-17,2049.84,240.0,1809.84,1645.31
Sat,2023-02-18,2094.83,229.5,1865.33,1695.75
Sun,2023-02-19,3609.77,409.0,3200.77,2909.79
Mon,2023-02-20,631.94,125.0,506.94,460.85
Tue,2023-02-21,2899.82,401.0,2498.82,2271.65
Wed,2023-02-22,1449.89,182.0,1267.89,1152.63
Thu,2023-02-23,2089.85,351.0,1738.85,1580.77
Fri,2023-02-24,1580.85,126.0,1454.85,1322.59
Sat,2023-02-25,1274.9,179.0,1095.9,996.27
Sun,2023-02-26,2819.78,467.0,2352.78,2138.89
Mon,2023-02-27,2159.83,393.0,1766.83,1606.21
Tue,2023-02-28,2629.86,231.98,2397.88,2179.89
Wed,2023-01-03,349.92,147.98,201.94,183.58
Thu,2023-02-03,2469.81,243.99,2225.82,2023.47
Fri,2023-03-03,3224.77,363.5,2861.27,2601.15
Sat,2023-04-03,4224.72,369.5,3855.22,3504.75
Sun,2023-05-03,1649.91,179.0,1470.91,1337.19
Mon,2023-06-03,809.93,62.0,747.93,679.94
Tue,2023-07-03,1489.9,161.0,1328.9,1208.09
Wed,2023-08-03,1479.91,148.0,1331.91,1210.83
Thu,2023-09-03,1779.87,94.98,1684.89,1531.72
Fri,2023-10-03,4159.67,426.99,3732.68,3393.35
Sat,2023-11-03,2838.84,543.0,2295.84,2087.13
Sun,2023-12-03,2839.83,589.97,2249.86,2045.33
Mon,2023-03-13,2024.82,268.97,1755.85,1596.23
Tue,2023-03-14,2156.87,398.0,1758.87,1598.97
Wed,2023-03-15,3193.88,499.0,2694.88,2449.89
Thu,2023-03-16,737.96,209.0,528.96,480.87
Fri,2023-03-17,2456.9,300.0,2156.9,1960.82
Sat,2023-03-18,1198.96,103.0,1095.96,996.33
Sun,2023-03-19,1571.92,222.0,1349.92,1227.2
Mon,2023-03-20,1339.9,96.5,1243.4,1130.36
Tue,2023-03-21,2730.88,167.0,2563.88,2330.8
Wed,2023-03-22,3495.84,241.0,3254.84,2958.95
Thu,2023-03-23,3245.6,235.2,3010.4,2736.73
Fri,2023-03-24,1048.55,135.0,913.55,830.5
Sat,2023-03-25,4022.81,599.4,3423.41,3112.19
Sun,2023-03-26,2612.82,320.3,2292.52,2084.11
Mon,2023-03-27,3168.59,647.4,2521.19,2291.99
Tue,2023-03-28,4320.73,905.88,3414.85,3104.41
Wed,2023-03-29,2907.81,682.94,2224.87,2022.61
Thu,2023-03-30,3732.77,850.54,2882.23,2620.21
Fri,2023-03-31,4207.69,884.57,3323.12,3021.02
Sat,2023-01-04,6480.56,1373.56,5107.0,4642.73
Sun,2023-02-04,4253.76,896.78,3356.98,3051.8
Mon,2023-03-04,3232.86,724.56,2508.3,2280.27
Tue,2023-04-04,2418.86,321.68,2097.18,1906.53
Wed,2023-05-04,2744.3,403.67,2340.63,2127.85
Thu,2023-06-04,1588.89,409.58,1179.31,1072.1
Sat,2023-08-04,4471.7,641.95,3829.75,3481.59
Mon,2023-10-04,3409.75,570.0,2839.75,2581.59
Tue,2023-11-04,2227.82,217.4,2010.42,1827.65
Wed,2023-12-04,1951.88,255.39,1696.49,1542.26
Thu,2023-04-13,3529.76,549.98,2979.78,2708.89
Fri,2023-04-14,3914.76,540.67,3374.09,3067.35
Sat,2023-04-15,5704.62,1332.21,4372.41,3974.92
Sun,2023-04-16,2183.74,251.57,1932.17,1756.52
Mon,2023-04-17,3168.81,457.68,2711.13,2464.66
Tue,2023-04-18,4513.7,948.2,3565.5,3241.36
Wed,2023-04-19,5652.61,961.0,4691.61,4265.1
Thu,2023-04-20,4378.69,595.0,3783.69,3439.72
Fri,2023-04-21,4920.75,750.0,4170.75,3791.59
Sat,2023-04-22,6489.66,1161.01,5328.65,4844.23
Sun,2023-04-23,4939.76,436.0,4503.76,4094.33
Mon,2023-04-24,3799.77,430.0,3369.77,3063.43
Tue,2023-04-25,-30.0,-23.0,-7.0,-6.36
Wed,2023-04-26,2909.85,523.98,2385.87,2168.97
Thu,2023-04-27,1933.84,338.99,1594.85,1449.86
Fri,2023-04-28,2820.77,647.95,2172.82,1975.29
Sat,2023-04-29,5249.7,1125.96,4123.74,3748.85
Sun,2023-04-30,7828.59,1635.95,6192.64,5629.67
Mon,2023-01-05,4209.73,847.98,3361.75,3056.14
Tue,2023-02-05,7933.54,1652.96,6280.58,5709.62
Wed,2023-03-05,7061.56,1205.98,5855.58,5323.25
Thu,2023-04-05,5829.66,1098.99,4730.67,4300.61
Fri,2023-05-05,8424.5,1699.99,6724.51,6113.19
Sat,2023-06-05,8282.49,1676.96,6605.53,6005.03
Sun,2023-07-05,4787.63,943.19,3844.44,3494.95
Mon,2023-08-05,6349.64,1330.97,5018.67,4562.43
Tue,2023-09-05,6219.65,1364.0,4855.65,4414.23
Wed,2023-10-05,5119.76,1069.98,4049.78,3681.62
Thu,2023-11-05,6911.53,1394.99,5516.54,5015.04
Fri,2023-12-05,7984.5,1827.96,6156.54,5596.85
Sat,2023-05-13,8469.56,1768.95,6700.61,6091.46
Sun,2023-05-14,3774.81,830.0,2944.81,2677.1
Mon,2023-05-15,3802.79,771.29,3031.5,2755.91
Tue,2023-05-16,3149.78,833.97,2315.81,2105.28
Wed,2023-05-17,7279.56,1872.96,5406.6,4915.09
Thu,2023-05-18,5749.68,1507.97,4241.71,3856.1
Fri,2023-05-19,5089.72,1014.0,4075.72,3705.2
Sat,2023-05-20,7618.48,1437.49,6180.99,5619.08
Sun,2023-05-21,5393.71,1056.3,4337.41,3943.1
Mon,2023-05-22,5059.71,775.0,4284.71,3895.19
Tue,2023-05-23,4529.76,799.0,3730.76,3391.6
Wed,2023-05-24,5409.68,679.99,4729.69,4299.72
Thu,2023-05-25,5542.53,1085.3,4457.23,4052.03
Fri,2023-05-26,3769.77,697.5,3072.27,2792.97
Sat,2023-05-27,5221.72,1006.0,4215.72,3832.47
Sun,2023-05-28,10509.39,2194.0,8315.39,7559.45
Mon,2023-05-29,3935.8,232.01,3703.79,3367.08
Tue,2023-05-30,4408.82,640.0,3768.82,3426.2
Wed,2023-05-31,3677.86,510.0,3167.86,2879.87
Thu,2023-01-06,3309.84,625.0,2684.84,2440.76
Fri,2023-02-06,3438.89,287.0,3151.89,2865.35
Sat,2023-03-06,7262.63,1302.5,5960.13,5418.3
Sun,2023-04-06,6528.71,1178.3,5350.41,4864.01
Mon,2023-05-06,3919.82,552.0,3367.82,3061.65
Tue,2023-06-06,2451.89,360.0,2091.89,1901.72
Wed,2023-07-06,4184.76,677.5,3507.26,3188.42
Thu,2023-08-06,3983.81,672.0,3311.81,3010.74
Fri,2023-09-06,3866.85,553.0,3313.85,3012.59
Sat,2023-10-06,4956.85,763.5,4193.35,3812.14
Sun,2023-11-06,3574.77,472.0,3102.77,2820.7
Mon,2023-12-06,5369.79,1074.0,4295.79,3905.26
Tue,2023-06-13,2845.82,543.2,2302.62,2093.29
Wed,2023-06-14,2524.91,537.2,1987.71,1807.01
Thu,2023-06-15,2526.87,497.9,2028.97,1844.52
Fri,2023-06-16,4042.78,803.4,3239.38,2944.89
Sat,2023-06-17,5936.79,1187.4,4749.39,4317.63
Sun,2023-06-18,6607.65,1306.3,5301.35,4819.41
Mon,2023-06-19,3503.88,700.8,2803.08,2548.25
Tue,2023-06-20,3438.83,717.6,2721.23,2473.85
Wed,2023-06-21,4300.81,863.3,3437.51,3125.01
Thu,2023-06-22,5311.77,1256.6,4055.17,3686.52
Fri,2023-06-23,3965.82,944.6,3021.22,2746.56
Sat,2023-06-24,6735.68,1768.9,4966.78,4515.25
Sun,2023-06-25,7229.62,1623.5,5606.12,5096.47
Mon,2023-06-26,2376.92,631.1,1745.82,1587.11
Tue,2023-06-27,3416.83,761.4,2655.43,2414.03
Wed,2023-06-28,2928.85,408.6,2520.25,2291.14
Thu,2023-06-29,6229.71,1548.4,4681.31,4255.74
Fri,2023-06-30,2656.89,801.8,1855.09,1686.45
Sat,2023-01-07,7458.56,1633.7,5824.86,5295.33
Sun,2023-02-07,5769.73,1139.2,4630.53,4209.57
Mon,2023-03-07,1517.92,275.4,1242.52,1129.56
Tue,2023-04-07,2939.86,904.2,2035.66,1850.6
Wed,2023-05-07,3433.81,1018.5,2415.31,2195.74
Thu,2023-06-07,2607.87,742.7,1865.17,1695.61
Fri,2023-07-07,5540.67,1454.3,4086.37,3714.88
Sat,2023-08-07,4380.8,1235.5,3145.3,2859.36
Sun,2023-09-07,6514.73,1946.8,4567.93,4152.66
Mon,2023-10-07,5806.72,1489.1,4317.62,3925.11
Tue,2023-11-07,5357.63,1316.3,4041.33,3673.94
Wed,2023-12-07,4982.74,1083.2,3899.54,3545.04
Thu,2023-07-13,2973.87,864.5,2109.37,1917.61
Fri,2023-07-14,1885.91,480.7,1405.21,1277.46
Sat,2023-07-15,3761.82,920.4,2841.42,2583.11
Sun,2023-07-16,1962.87,481.4,1481.47,1346.79
Mon,2023-07-17,2145.92,562.1,1583.82,1439.84
Tue,2023-07-18,3159.8,948.0,2211.8,2010.73
Wed,2023-07-19,2318.78,901.87,1416.91,1288.1
Thu,2023-07-20,2376.88,813.9,1562.98,1420.89
Fri,2023-07-21,2669.74,695.9,1973.84,1794.4
Sat,2023-07-22,3446.86,279.0,3167.86,2879.87
Sun,2023-07-23,2463.79,258.95,2204.84,2004.4
Mon,2023-07-24,688.96,61.0,627.96,570.87
Tue,2023-07-25,2089.8,763.84,1325.96,1205.42
Wed,2023-07-26,2290.79,233.99,2056.8,1869.82
Thu,2023-07-27,3534.73,792.93,2741.8,2492.55
Fri,2023-07-28,1579.9,427.98,1151.92,1047.2
Sat,2023-07-29,2411.88,545.08,1866.8,1697.09
Sun,2023-07-30,3349.85,613.99,2735.86,2487.15
Mon,2023-07-31,1689.89,171.0,1518.89,1380.81
Tue,2023-01-08,518.96,14.0,504.96,459.05
Wed,2023-02-08,1659.89,279.98,1379.91,1254.46
Thu,2023-03-08,2599.79,238.99,2360.8,2146.18
Fri,2023-04-08,1179.9,118.96,1060.94,964.49
Sat,2023-05-08,2779.84,450.96,2328.88,2117.16
Sun,2023-06-08,3369.82,457.96,2911.86,2647.15
Mon,2023-07-08,1959.87,299.97,1659.9,1509.0
Tue,2023-08-08,2019.87,239.98,1779.89,1618.08
Wed,2023-09-08,3118.79,627.93,2490.86,2264.42
Thu,2023-10-08,1154.92,347.99,806.93,733.57
Fri,2023-11-08,4159.73,639.91,3519.82,3199.84
Sat,2023-12-08,3981.74,435.97,3545.77,3223.43
Sun,2023-08-13,2192.78,312.91,1879.87,1708.97
Mon,2023-08-14,2669.85,601.96,2067.89,1879.9
Tue,2023-08-15,2192.81,333.27,1859.54,1690.49
Wed,2023-08-16,3329.76,747.2,2582.56,2347.78
Thu,2023-08-17,2424.78,547.0,1877.78,1707.07
Fri,2023-08-18,1864.83,466.55,1398.28,1271.16
Sat,2023-08-19,4639.6,1169.39,3470.21,3154.74
Sun,2023-08-20,2697.76,623.25,2074.51,1885.92
Mon,2023-08-21,4564.28,935.0,3629.28,3299.35
Tue,2023-08-22,3429.73,682.76,2746.97,2497.25
Wed,2023-08-23,4070.67,753.86,3316.81,3015.28
Thu,2023-08-24,2965.88,532.95,2432.93,2211.75
Fri,2023-08-25,1743.93,117.98,1625.95,1478.14
Sat,2023-08-26,4962.68,517.9,4444.78,4040.71
Sun,2023-08-27,3976.76,406.97,3569.79,3245.26
Mon,2023-08-28,2539.86,415.93,2123.93,1930.85
Tue,2023-08-29,4078.74,457.93,3620.81,3291.65
Wed,2023-08-30,2772.82,918.95,1853.87,1685.34
Thu,2023-08-31,3297.83,425.49,2872.34,2611.22
Fri,2023-01-09,3588.82,289.97,3298.85,2998.95
Sat,2023-02-09,8379.48,866.86,7512.62,6829.65
Sun,2023-03-09,7215.63,633.45,6582.18,5983.8
Mon,2023-04-09,2649.79,270.47,2379.32,2163.02
Tue,2023-05-09,2319.88,502.82,1817.06,1651.87
Wed,2023-06-09,3610.79,748.0,2862.79,2602.54
Thu,2023-07-09,1858.87,284.8,1574.07,1430.97
Fri,2023-08-09,1174.94,151.61,1023.33,930.3
Sat,2023-09-09,4322.83,552.58,3770.25,3427.5
Sun,2023-10-09,2434.85,330.96,2103.89,1912.63
Mon,2023-11-09,2917.84,338.1,2579.74,2345.22
Tue,2023-12-09,1972.82,372.04,1600.78,1455.25
Wed,2023-09-13,2192.86,237.6,1955.26,1777.51
Thu,2023-09-14,2946.77,379.36,2567.41,2334.01
Fri,2023-09-15,2336.87,217.39,2119.48,1926.8
Sat,2023-09-16,2299.86,237.83,2062.03,1874.57
Sun,2023-09-17,857.94,74.0,783.94,712.67
Mon,2023-09-18,2956.78,385.94,2570.84,2337.13
Tue,2023-09-19,2907.77,796.31,2111.46,1919.51
Wed,2023-09-20,2145.85,499.99,1645.86,1496.24
Thu,2023-09-21,3056.81,929.99,2126.82,1933.47
Fri,2023-09-22,1579.89,302.0,1277.89,1161.72
Sat,2023-09-23,4525.66,1114.99,3410.67,3100.61
Sun,2023-09-24,3728.74,942.98,2785.76,2532.51
Mon,2023-09-25,3319.78,791.99,2527.79,2297.99
Tue,2023-09-26,5069.63,1353.7,3715.93,3378.12
Wed,2023-09-27,3624.18,908.45,2715.73,2468.85
Thu,2023-09-28,2114.77,414.0,1700.77,1546.15
Fri,2023-09-29,3294.78,687.0,2607.78,2370.71
Sat,2023-09-30,7236.49,1858.99,5377.5,4888.64
Sun,2023-01-10,4690.41,1218.76,3471.65,3156.05
Mon,2023-02-10,3548.74,919.0,2629.74,2390.67
Tue,2023-03-10,1707.85,151.98,1555.87,1414.43
Wed,2023-04-10,2736.79,241.98,2494.81,2268.01
Thu,2023-05-10,1238.89,92.0,1146.89,1042.63
Fri,2023-06-10,2274.74,286.94,1987.8,1807.09
Sat,2023-07-10,2775.79,300.95,2474.84,2249.85
Sun,2023-08-10,2143.84,219.97,1923.87,1748.97
Mon,2023-09-10,961.92,32.0,929.92,845.38
Tue,2023-10-10,1649.88,129.99,1519.89,1381.72
Wed,2023-11-10,3898.67,486.15,3412.52,3102.29
Thu,2023-12-10,2727.74,323.96,2403.78,2185.25
Fri,2023-10-13,2738.8,409.97,2328.83,2117.12
Sat,2023-10-14,3844.7,480.2,3364.5,3058.64
Sun,2023-10-15,1419.86,214.96,1204.9,1095.36
Mon,2023-10-16,1129.89,76.97,1052.92,957.2
Tue,2023-10-17,1276.92,224.97,1051.95,956.32
Wed,2023-10-18,1281.87,194.43,1087.44,988.58
Thu,2023-10-19,4709.72,664.95,4044.77,3677.06
Fri,2023-10-20,3665.76,374.0,3291.76,2992.51
Sat,2023-10-21,3895.67,434.93,3460.74,3146.13
Sun,2023-10-22,3739.7,404.97,3334.73,3031.57
Mon,2023-10-23,4097.72,386.99,3710.73,3373.39
Tue,2023-10-24,3699.76,740.0,2959.76,2690.69
Wed,2023-10-25,4092.65,814.3,3278.35,2980.32
Thu,2023-10-26,1516.9,329.0,1187.9,1079.91
Fri,2023-10-27,1658.87,324.0,1334.87,1213.52
Sat,2023-10-28,5321.53,1027.0,4294.53,3904.12
Sun,2023-10-29,3099.79,598.0,2501.79,2274.35
Mon,2023-10-30,2358.8,405.97,1952.83,1775.3
Tue,2023-10-31,2459.87,187.97,2271.9,2065.36
Wed,2023-01-11,2194.8,321.45,1873.35,1703.05
Thu,2023-02-11,3670.7,448.43,3222.27,2929.34
Fri,2023-03-11,2853.79,607.42,2246.37,2042.15
Sat,2023-04-11,2509.81,324.96,2184.85,1986.23
Sun,2023-05-11,1664.87,221.49,1443.38,1312.16
Mon,2023-06-11,1589.87,243.96,1345.91,1223.55
Tue,2023-07-11,4262.66,577.9,3684.76,3349.78
Wed,2023-08-11,3169.78,408.96,2760.82,2509.84
Thu,2023-09-11,1849.89,285.95,1563.94,1421.76
Fri,2023-10-11,1504.89,259.48,1245.41,1132.19
Sat,2023-11-11,4399.63,872.36,3527.27,3206.61
Sun,2023-12-11,5184.52,1010.76,4173.76,3794.33
Mon,2023-11-13,2309.81,397.94,1911.87,1738.06
Tue,2023-11-14,2509.78,495.93,2013.85,1830.77
Wed,2023-11-15,1629.86,270.96,1358.9,1235.36
Thu,2023-11-16,6829.47,1533.0,5296.47,4814.97
Fri,2023-11-17,6004.53,1498.01,4506.52,4096.84
Sat,2023-11-18,6403.47,1588.0,4815.47,4377.7
Sun,2023-11-19,4463.61,1142.0,3321.61,3019.65
Mon,2023-11-20,4304.62,985.0,3319.62,3017.84
Tue,2023-11-21,3044.71,747.5,2297.21,2088.37
Wed,2023-11-22,1289.86,338.0,951.86,865.33
Thu,2023-11-23,3549.69,879.0,2670.69,2427.9
Fri,2023-11-24,6431.54,1448.0,4983.54,4530.49
Sat,2023-11-25,7510.49,1542.0,5968.49,5425.9
Sun,2023-11-26,7047.47,1614.0,5433.47,4939.52
Mon,2023-11-27,4595.66,1101.0,3494.66,3176.96
Tue,2023-11-28,2593.8,316.98,2276.82,2069.84
Wed,2023-11-29,1576.88,226.0,1350.88,1228.07
Thu,2023-11-30,2202.77,335.47,1867.3,1697.55
Fri,2023-01-12,4794.69,833.51,3961.18,3601.07
Sat,2023-02-12,5950.57,1155.5,4795.07,4359.15
Sun,2023-03-12,4458.67,786.94,3671.73,3337.94
Mon,2023-04-12,3446.7,557.5,2889.2,2626.55
Tue,2023-05-12,1973.84,428.48,1545.36,1404.87
Wed,2023-06-12,2413.8,366.47,2047.33,1861.21
Thu,2023-07-12,2612.83,350.5,2262.33,2056.66
Fri,2023-08-12,3681.76,814.5,2867.26,2606.6
Sat,2023-09-12,6275.49,1649.0,4626.49,4205.9
Sun,2023-10-12,2450.83,384.5,2066.33,1878.48
Mon,2023-11-12,2819.76,574.0,2245.76,2041.6
Tue,2023-12-12,1926.86,286.0,1640.86,1491.69
Wed,2023-12-13,4967.64,882.46,4085.18,3713.8
Thu,2023-12-14,3233.73,603.0,2630.73,2391.57
Fri,2023-12-15,4793.65,916.46,3877.19,3524.72
Sat,2023-12-16,8733.3,1619.44,7113.86,6467.15
Sun,2023-12-17,4919.61,833.96,4085.65,3714.23
Mon,2023-12-18,5629.56,1021.96,4607.6,4188.73
Tue,2023-12-19,4266.62,745.44,3521.18,3201.07
Wed,2023-12-20,929.9,181.73,748.17,680.15
Thu,2023-12-21,5115.24,317.5,4797.74,4361.58
Fri,2023-12-22,9055.47,426.5,8628.97,7844.52
Sat,2023-12-23,9329.37,741.51,8587.86,7807.15
Sun,2023-12-24,4609.23,195.5,4413.73,4012.48
Tue,2023-12-26,3779.82,595.0,3184.82,2895.29
Wed,2023-12-27,5558.21,614.5,4943.71,4494.28
Thu,2023-12-28,3242.78,546.0,2696.78,2451.62
Fri,2023-12-29,4234.77,601.0,3633.77,3303.43
Sat,2023-12-30,2450.79,424.0,2026.79,1842.54
Sun,2023-12-31,2727.82,453.0,2274.82,2068.02
Tue,2024-02-01,1784.9,340.95,1443.95,1312.68
Wed,2024-03-01,2874.87,371.68,2503.19,2275.63
Thu,2024-04-01,1271.42,222.16,1049.26,953.87
Fri,2024-05-01,2197.86,314.56,1883.3,1712.09
Sat,2024-06-01,2707.81,426.17,2281.64,2074.22
Sun,2024-07-01,1618.91,202.6,1416.31,1287.55
Mon,2024-08-01,1667.88,252.16,1415.72,1287.02
Tue,2024-09-01,2329.8,417.71,1912.09,1738.26
Wed,2024-10-01,1478.93,243.77,1235.16,1122.87
Thu,2024-11-01,1546.9,284.38,1262.52,1147.75
Fri,2024-12-01,2615.81,482.16,2133.65,1939.68
Sat,2024-01-13,4696.63,790.35,3906.28,3551.16
Sun,2024-01-14,2179.83,370.98,1808.85,1644.41
Mon,2024-01-15,1492.89,304.08,1188.81,1080.74
Tue,2024-01-16,2715.82,488.98,2226.84,2024.4
Wed,2024-01-17,3557.74,658.96,2898.78,2635.25
Thu,2024-01-18,1728.87,337.0,1391.87,1265.34
Fri,2024-01-19,3216.77,620.5,2596.27,2360.25
Sat,2024-01-20,3606.78,540.5,3066.28,2787.53
Sun,2024-01-21,1814.89,278.0,1536.89,1397.17
Mon,2024-01-22,2600.82,372.5,2228.32,2025.75
Tue,2024-01-23,2336.85,434.0,1902.85,1729.86
Wed,2024-01-24,1067.91,313.75,754.16,685.6
Thu,2024-01-25,1627.88,377.5,1250.38,1136.71
Sat,2024-01-27,2588.79,642.5,1946.29,1769.35
Sun,2024-01-28,3450.74,882.5,2568.24,2334.76
Mon,2024-01-29,1699.81,475.0,1224.81,1113.46
Tue,2024-01-30,1339.91,350.0,989.91,899.92
Wed,2024-01-31,1678.87,410.0,1268.87,1153.52
Thu,2024-01-02,3687.69,924.9,2762.79,2511.63
Fri,2024-02-02,3712.72,949.9,2762.82,2511.65
Sat,2024-03-02,3009.76,752.5,2257.26,2052.05
Sun,2024-04-02,5567.62,1380.0,4187.62,3806.93
Mon,2024-05-02,1928.86,477.5,1451.36,1319.42
Tue,2024-06-02,2587.32,212.0,2375.32,2159.38
Wed,2024-07-02,1759.88,140.0,1619.88,1472.62
Thu,2024-08-02,2140.86,232.4,1908.46,1734.96
Fri,2024-09-02,1188.92,174.0,1014.92,922.65
Sat,2024-10-02,4737.69,688.01,4049.68,3681.53
Sun,2024-11-02,2349.82,517.0,1832.82,1666.2
Mon,2024-12-02,3364.77,378.5,2986.27,2714.79
Tue,2024-02-13,1478.9,302.5,1176.4,1069.45
Wed,2024-02-14,3009.74,660.0,2349.74,2136.13
Thu,2024-02-15,1275.92,236.9,1039.02,944.56
Fri,2024-02-16,2338.84,569.5,1769.34,1608.49
Sat,2024-02-17,3669.72,949.5,2720.22,2472.93
Sun,2024-02-18,2938.79,729.5,2209.29,2008.45
Mon,2024-02-19,1659.89,418.5,1241.39,1128.54
Tue,2024-02-20,2329.85,590.0,1739.85,1581.68
Wed,2024-02-21,1448.87,311.5,1137.37,1033.97
Thu,2024-02-22,2109.86,454.5,1655.36,1504.87
Fri,2024-02-23,1389.91,425.0,964.91,877.19
Sat,2024-02-24,3928.74,875.5,3053.24,2775.67
Sun,2024-02-25,2266.88,517.5,1749.38,1590.35
Mon,2024-02-26,2289.82,554.97,1734.85,1577.14
Tue,2024-02-27,2349.81,645.98,1703.83,1548.94
Wed,2024-02-28,2239.87,615.98,1623.89,1476.26
Thu,2024-02-29,3049.81,775.0,2274.81,2068.01
Fri,2024-01-03,1699.87,386.5,1313.37,1193.97
Sat,2024-02-03,3985.66,979.59,3006.07,2732.79
Sun,2024-03-03,6139.64,1630.48,4509.16,4099.24
Mon,2024-04-03,4739.69,1358.48,3381.21,3073.83
Tue,2024-05-03,2543.9,403.99,2139.91,1945.37
Wed,2024-06-03,2150.88,311.94,1838.94,1671.76
Thu,2024-07-03,1881.91,234.97,1646.94,1497.22
Fri,2024-08-03,3001.8,700.38,2301.42,2092.2
Sat,2024-09-03,3706.81,403.93,3302.88,3002.62
Sun,2024-10-03,2536.81,412.89,2123.92,1930.84
Mon,2024-11-03,1342.94,183.97,1158.97,1053.61
Tue,2024-12-03,3591.75,805.86,2785.89,2532.63
Wed,2024-03-13,2415.88,310.0,2105.88,1914.44
Thu,2024-03-14,1729.92,255.5,1474.42,1340.38
Fri,2024-03-15,5872.71,895.0,4977.71,4525.19
Sat,2024-03-16,4586.29,709.5,3876.79,3524.35
Sun,2024-03-17,4299.8,533.0,3766.8,3424.36
Mon,2024-03-18,517.98,100.99,416.99,379.08
Tue,2024-03-19,1031.92,138.16,893.76,812.51
Wed,2024-03-20,2765.86,326.18,2439.68,2217.89
Thu,2024-03-21,3572.77,642.91,2929.86,2663.51
Fri,2024-03-22,3174.77,677.5,2497.27,2270.25
Sat,2024-03-23,4342.78,867.54,3475.24,3159.31
Sun,2024-03-24,2083.88,295.94,1787.94,1625.4
Mon,2024-03-25,1568.95,283.59,1285.36,1168.51
Tue,2024-03-26,3403.82,721.76,2682.06,2438.24
Wed,2024-03-27,5994.58,1347.93,4646.65,4224.23
Thu,2024-03-28,6035.7,1253.18,4782.52,4347.75
Sat,2024-03-30,2600.82,566.16,2034.66,1849.69
Mon,2024-01-04,3765.81,801.16,2964.65,2695.14
Tue,2024-02-04,2145.87,359.76,1786.11,1623.74
Wed,2024-03-04,4263.76,724.14,3539.62,3217.84
Thu,2024-04-04,2257.86,355.37,1902.49,1729.54
Fri,2024-05-04,5265.72,949.69,4316.03,3923.66
Sat,2024-06-04,2458.83,320.69,2138.14,1943.76
Sun,2024-07-04,3555.79,942.77,2613.02,2375.47
Mon,2024-08-04,2606.85,501.04,2105.81,1914.37
Tue,2024-09-04,1477.93,270.4,1207.53,1097.75
Wed,2024-10-04,4689.72,728.95,3960.77,3600.7
Thu,2024-11-04,2921.84,473.47,2448.37,2225.79
Fri,2024-12-04,2697.82,678.99,2018.83,1835.3
Sat,2024-04-13,5449.66,965.18,4484.48,4076.8
Sun,2024-04-14,5388.7,1154.92,4233.78,3848.89
Mon,2024-04-15,2437.81,352.91,2084.9,1895.36
Tue,2024-04-16,2417.86,421.97,1995.89,1814.45
Wed,2024-04-17,6427.61,951.92,5475.69,4977.9
Thu,2024-04-18,3621.79,668.99,2952.8,2684.36
Fri,2024-04-19,4553.95,783.96,3769.99,3427.26
Sat,2024-04-20,6169.64,1146.02,5023.62,4566.93
Sun,2024-04-21,3479.8,598.0,2881.8,2619.82
Mon,2024-04-22,4719.72,743.98,3975.74,3614.31
Tue,2024-04-23,3887.72,546.98,3340.74,3037.04
Wed,2024-04-24,5534.62,785.46,4749.16,4317.42
Thu,2024-04-25,2879.8,830.9,2048.9,1862.64
Fri,2024-04-26,4039.76,934.95,3104.81,2822.55
Sat,2024-04-27,7211.59,1616.4,5595.19,5086.54
Sun,2024-04-28,3554.78,697.5,2857.28,2597.53
Mon,2024-04-29,4949.66,981.0,3968.66,3607.87
Tue,2024-04-30,4779.74,1053.98,3725.76,3387.05
Wed,2024-01-05,3789.79,749.0,3040.79,2764.35
Thu,2024-02-05,3007.81,640.98,2366.83,2151.66
Fri,2024-03-05,5139.7,1167.0,3972.7,3611.55
Sat,2024-04-05,10355.34,2376.42,7978.92,7253.56
Sun,2024-05-05,6579.59,1321.97,5257.62,4779.65
Mon,2024-06-05,6319.68,1215.0,5104.68,4640.62
Tue,2024-07-05,3099.84,749.0,2350.84,2137.13
Wed,2024-08-05,4549.71,1028.99,3520.72,3200.65
Thu,2024-09-05,5994.57,1564.98,4429.59,4026.9
Fri,2024-10-05,6344.59,1645.07,4699.52,4272.29
Sat,2024-11-05,11289.38,3142.5,8146.88,7406.25
Sun,2024-12-05,6619.63,1710.49,4909.14,4462.85
Mon,2024-05-13,6489.58,1713.49,4776.09,4341.9
Tue,2024-05-14,7779.54,1896.42,5883.12,5348.29
Wed,2024-05-15,5079.71,1264.44,3815.27,3468.43
Thu,2024-05-16,8919.4,2601.83,6317.57,5743.25
Fri,2024-05-17,4269.69,1093.45,3176.24,2887.49
Sat,2024-05-18,7389.54,2213.88,5175.66,4705.15
Sun,2024-05-19,6639.61,1942.94,4696.67,4269.7
Mon,2024-05-20,3999.73,848.49,3151.24,2864.76
Tue,2024-05-21,3923.75,842.49,3081.26,2801.15
Wed,2024-05-22,3640.79,718.5,2922.29,2656.63
Thu,2024-05-23,2594.85,566.49,2028.36,1843.96
Fri,2024-05-24,2831.81,528.0,2303.81,2094.37
Sat,2024-05-25,5736.71,1425.5,4311.21,3919.28
Sun,2024-05-26,3746.78,752.98,2993.8,2721.64
Mon,2024-05-27,4469.76,962.95,3506.81,3188.01
Tue,2024-05-28,3629.91,481.47,3148.44,2862.22
Wed,2024-05-29,4942.86,741.97,4200.89,3818.99
Thu,2024-05-30,5287.78,888.92,4398.86,3998.96
Fri,2024-05-31,4866.85,522.94,4343.91,3949.01
Sat,2024-01-06,3543.89,301.98,3241.91,2947.19
Sun,2024-02-06,4415.81,643.93,3771.88,3428.98
Mon,2024-03-06,3987.92,480.48,3507.44,3188.58
Tue,2024-04-06,2194.87,194.99,1999.88,1818.07
Wed,2024-05-06,3297.84,207.99,3089.85,2808.95
Thu,2024-06-06,4660.77,1232.52,3428.25,3116.59
Fri,2024-07-06,4029.87,1063.98,2965.89,2696.26
Sat,2024-08-06,8729.61,1957.55,6772.06,6156.42
Sun,2024-09-06,4969.73,1305.51,3664.22,3331.11
Mon,2024-10-06,4917.89,1012.79,3905.1,3550.09
Tue,2024-11-06,2931.91,668.39,2263.52,2057.75
Wed,2024-12-06,3710.79,769.77,2941.02,2673.65
Thu,2024-06-13,4254.78,1076.43,3178.35,2889.41
Fri,2024-06-14,2707.88,745.37,1962.51,1784.1
Sat,2024-06-15,5703.69,1397.95,4305.74,3914.31
Sun,2024-06-16,5556.76,1409.03,4147.73,3770.66
Mon,2024-06-17,4522.75,1308.42,3214.33,2922.12
Tue,2024-06-18,2132.9,454.01,1678.89,1526.26
Wed,2024-06-19,2031.89,485.88,1546.01,1405.46
Thu,2024-06-20,1214.95,98.4,1116.55,1015.05
Fri,2024-06-21,2923.85,550.49,2373.36,2157.6
Sat,2024-06-22,1698.93,370.5,1328.43,1207.66
Sun,2024-06-23,4844.77,955.98,3888.79,3535.26
Mon,2024-06-24,4603.79,829.25,3774.54,3431.4
Tue,2024-06-25,3633.87,454.5,3179.37,2890.34
Wed,2024-06-26,5378.72,889.0,4489.72,4081.56
Thu,2024-06-27,4723.81,857.05,3866.76,3515.24
Fri,2024-06-28,4147.37,825.87,3321.5,3019.55
Sat,2024-06-29,4265.82,752.96,3512.86,3193.51
Sun,2024-06-30,5599.31,833.47,4765.84,4332.58
Mon,2024-01-07,3143.86,612.99,2530.87,2300.79
Tue,2024-02-07,2602.9,550.68,2052.22,1865.65
Wed,2024-03-07,4623.84,833.61,3790.23,3445.66
Thu,2024-04-07,4382.87,1030.45,3352.42,3047.65
Fri,2024-05-07,1631.97,318.5,1313.47,1194.06
Sat,2024-06-07,2831.8,763.95,2067.85,1879.86
Sun,2024-07-07,1892.89,449.57,1443.32,1312.11
Mon,2024-08-07,2398.86,535.69,1863.17,1693.79
Tue,2024-09-07,1794.93,516.79,1278.14,1161.95
Wed,2024-10-07,3102.81,854.49,2248.32,2043.93
Thu,2024-11-07,1669.93,560.48,1109.45,1008.59
Fri,2024-12-07,3595.86,1040.19,2555.67,2323.34
Sat,2024-07-13,7310.69,1946.93,5363.76,4876.15
Sun,2024-07-14,2305.91,526.24,1779.67,1617.88
Mon,2024-07-15,3702.83,886.1,2816.73,2560.66
Tue,2024-07-16,2245.88,531.47,1714.41,1558.55
Wed,2024-07-17,2903.85,919.64,1984.21,1803.83
Thu,2024-07-18,3449.8,986.62,2463.18,2239.25
Fri,2024-07-19,2135.87,777.75,1358.12,1234.65
Sat,2024-07-20,2478.82,877.89,1600.93,1455.39
Sun,2024-07-21,1530.95,446.15,1084.8,986.18
Mon,2024-07-22,4805.78,1323.48,3482.3,3165.73
Tue,2024-07-23,4066.79,839.99,3226.8,2933.45
Wed,2024-07-24,2988.75,553.92,2434.83,2213.48
Thu,2024-07-25,3929.76,774.91,3154.85,2868.05
Fri,2024-07-26,3076.81,582.43,2494.38,2267.62
Sat,2024-07-27,3783.77,776.42,3007.35,2733.95
Sun,2024-07-28,2259.85,560.45,1699.4,1544.91
Mon,2024-07-29,1966.85,455.29,1511.56,1374.15
Tue,2024-07-30,2187.92,500.47,1687.45,1534.05
Wed,2024-07-31,3497.77,469.96,3027.81,2752.55
Thu,2024-01-08,2885.79,237.2,2648.59,2407.81
Fri,2024-02-08,2215.84,268.95,1946.89,1769.9
Sat,2024-03-08,4655.72,806.91,3848.81,3498.92
Sun,2024-04-08,887.43,94.49,792.94,720.85
Mon,2024-05-08,2118.85,426.92,1691.93,1538.12
Tue,2024-06-08,1088.91,57.0,1031.91,938.1
Wed,2024-07-08,2528.85,221.98,2306.87,2097.15
Thu,2024-08-08,2070.88,408.47,1662.41,1511.28
Fri,2024-09-08,4124.73,665.45,3459.28,3144.8
Sat,2024-10-08,5756.58,1010.85,4745.73,4314.3
Sun,2024-11-08,6556.65,1327.9,5228.75,4753.41
Mon,2024-12-08,1269.91,208.0,1061.91,965.37
Tue,2024-08-13,1328.89,304.96,1023.93,930.85
Wed,2024-08-14,3329.8,1188.97,2140.83,1946.21
Thu,2024-08-15,3347.8,685.47,2662.33,2420.3
Fri,2024-08-16,2429.82,479.98,1949.84,1772.58
Sat,2024-08-17,6786.51,1497.56,5288.95,4808.14
Sun,2024-08-18,1516.85,290.91,1225.94,1114.49
Mon,2024-08-19,1683.91,273.0,1410.91,1282.65
Tue,2024-08-20,1504.93,164.87,1340.06,1218.24
Wed,2024-08-21,3368.86,282.0,3086.86,2806.24
Thu,2024-08-22,1641.91,106.98,1534.93,1395.39
Fri,2024-08-23,3279.85,291.99,2987.86,2716.24
Sat,2024-08-24,5722.72,517.87,5204.85,4731.68
Sun,2024-08-25,5070.66,522.93,4547.73,4134.3
Mon,2024-08-26,2942.84,284.96,2657.88,2416.25
Tue,2024-08-27,3956.76,651.8,3304.96,3004.51
Wed,2024-08-28,3302.8,319.96,2982.84,2711.67
Thu,2024-08-29,5230.71,937.35,4293.36,3903.05
Fri,2024-08-30,7904.46,1330.62,6573.84,5976.22
Sat,2024-08-31,9746.54,1671.79,8074.75,7340.68
Sun,2024-01-09,4839.7,705.38,4134.32,3758.47
Mon,2024-02-09,3844.76,507.2,3337.56,3034.15
Tue,2024-03-09,7546.63,1405.38,6141.25,5582.95
Wed,2024-04-09,6356.61,1352.55,5004.06,4549.15
Thu,2024-05-09,3350.79,152.78,3198.01,2907.28
Fri,2024-06-09,2355.84,299.29,2056.55,1869.59
Sat,2024-07-09,4028.74,595.36,3433.38,3121.25
Sun,2024-08-09,2722.86,379.97,2342.89,2129.9
Mon,2024-09-09,1255.93,136.18,1119.75,1017.95
Tue,2024-10-09,3176.78,759.8,2416.98,2197.25
Wed,2024-11-09,4073.77,970.97,3102.8,2820.73
Thu,2024-12-09,1975.91,511.44,1464.47,1331.34
Fri,2024-09-13,3636.8,902.83,2733.97,2485.43
Sat,2024-09-14,5333.66,1464.27,3869.39,3517.63
Sun,2024-09-15,2685.86,692.8,1993.06,1811.87
Mon,2024-09-16,228.99,-27.0,255.99,232.72
Tue,2024-09-17,3158.76,688.5,2470.26,2245.69
Wed,2024-09-18,3188.78,789.0,2399.78,2181.62
Thu,2024-09-19,3103.82,584.32,2519.5,2290.45
Fri,2024-09-20,3186.77,806.19,2380.58,2164.16
Sat,2024-09-21,5225.64,1154.39,4071.25,3701.14
Sun,2024-09-22,4565.72,1172.6,3393.12,3084.65
Mon,2024-09-23,4089.71,932.26,3157.45,2870.41
Tue,2024-09-24,4046.68,607.9,3438.78,3126.16
Wed,2024-09-25,5696.58,1144.2,4552.38,4138.53
Thu,2024-09-26,646.98,206.09,440.89,400.81
Fri,2024-09-27,4344.79,920.6,3424.19,3112.9
Sat,2024-09-28,4176.73,663.89,3512.84,3193.49
Sun,2024-09-29,2587.82,362.61,2225.21,2022.92
Mon,2024-09-30,1268.89,221.65,1047.24,952.04
Tue,2024-01-10,3877.74,696.3,3181.44,2892.22
Wed,2024-02-10,3587.84,629.85,2957.99,2689.08
Thu,2024-03-10,2928.81,344.04,2584.77,2349.79
Fri,2024-04-10,4106.79,1066.91,3039.88,2763.53
Sat,2024-05-10,6118.69,1444.9,4673.79,4248.9
Sun,2024-06-10,2151.86,360.95,1790.91,1628.1
Mon,2024-07-10,3777.73,744.3,3033.43,2757.66
Tue,2024-08-10,3998.72,984.91,3013.81,2739.83
Wed,2024-09-10,5983.62,1283.86,4699.76,4272.51
Thu,2024-10-10,2220.81,504.93,1715.88,1559.89
Fri,2024-11-10,3316.78,590.91,2725.87,2478.06
Sat,2024-12-10,5004.71,814.93,4189.78,3808.89
Sun,2024-10-13,2477.83,427.92,2049.91,1863.55
Mon,2024-10-14,3365.8,501.85,2863.95,2603.59
Tue,2024-10-15,2649.81,536.92,2112.89,1920.81
Wed,2024-10-16,2454.87,409.95,2044.92,1859.02
Thu,2024-10-17,5634.66,962.93,4671.73,4247.03
Fri,2024-10-18,1873.87,382.97,1490.9,1355.36
Sat,2024-10-19,7055.56,1748.82,5306.74,4824.31
Sun,2024-10-20,4630.71,717.96,3912.75,3557.05
Mon,2024-10-21,2781.82,509.97,2271.85,2065.32
Tue,2024-10-22,6280.66,1212.93,5067.73,4607.03
Wed,2024-10-23,6300.58,1454.94,4845.64,4405.13
Thu,2024-10-24,2121.84,607.97,1513.87,1376.25
Fri,2024-10-25,4513.77,1049.9,3463.87,3148.97
Sat,2024-10-26,5053.61,968.9,4084.71,3713.37
Sun,2024-10-27,4859.68,1582.95,3276.73,2978.85
Mon,2024-10-28,1896.86,415.0,1481.86,1347.15
Tue,2024-10-29,4617.68,876.89,3740.79,3400.72
Wed,2024-10-30,3853.69,756.95,3096.74,2815.22
Thu,2024-10-31,1848.83,190.96,1657.87,1507.15
Fri,2024-01-11,4834.51,764.74,4069.77,3699.79
Sat,2024-02-11,4669.7,802.0,3867.7,3516.09
Sun,2024-03-11,3499.74,489.96,3009.78,2736.16
Mon,2024-04-11,4397.7,672.75,3724.95,3386.32
Tue,2024-05-11,1298.86,235.99,1062.87,966.25
Wed,2024-06-11,2332.87,367.99,1964.88,1786.25
Thu,2024-07-11,4481.7,712.99,3768.71,3426.1
Fri,2024-08-11,6167.53,1075.91,5091.62,4628.75
Sat,2024-09-11,5043.68,769.99,4273.69,3885.17
Sun,2024-10-11,3848.69,647.68,3201.01,2910.01
Mon,2024-11-11,2815.77,415.95,2399.82,2181.65
Tue,2024-12-11,3237.75,589.99,2647.76,2407.05
Wed,2024-11-13,4525.65,921.93,3603.72,3276.11
Thu,2024-11-14,3056.73,611.4,2445.33,2223.03
Fri,2024-11-15,5062.63,1004.58,4058.05,3689.14
Sat,2024-11-16,5038.66,1038.8,3999.86,3636.24
Sun,2024-11-17,4214.71,852.02,3362.69,3056.99
Mon,2024-11-18,2609.79,523.98,2085.81,1896.19
Tue,2024-11-19,4505.69,1449.35,3056.34,2778.49
Wed,2024-11-20,3288.71,978.86,2309.85,2099.86
Thu,2024-11-21,4207.67,1157.4,3050.27,2772.97
Fri,2024-11-22,7438.43,2120.7,5317.73,4834.3
Sat,2024-11-23,8834.31,2715.31,6119.0,5562.73
Sun,2024-11-24,5214.64,1250.89,3963.75,3603.41
Mon,2024-11-25,4617.68,1257.41,3360.27,3054.79
Tue,2024-11-26,7500.43,2126.28,5374.15,4885.59
Wed,2024-11-27,7766.45,2281.26,5485.19,4986.54
Thu,2024-11-28,6026.49,1559.36,4467.13,4061.03
Fri,2024-11-29,11672.16,3293.72,8378.44,7616.76
Sat,2024-11-30,7136.49,2124.63,5011.86,4556.24
Sun,2024-01-12,8477.32,2956.9,5520.42,5018.56
Mon,2024-02-12,6173.49,1836.51,4336.98,3942.71
Tue,2024-03-12,3498.75,776.48,2722.27,2474.79
Wed,2024-04-12,3922.68,642.93,3279.75,2981.59
Thu,2024-05-12,2599.79,420.49,2179.3,1981.18
Fri,2024-06-12,4528.66,948.96,3579.7,3254.27
Sat,2024-07-12,3824.74,554.43,3270.31,2973.01
Sun,2024-08-12,6036.55,1059.89,4976.66,4524.24
Mon,2024-09-12,3239.75,605.9,2633.85,2394.41
Tue,2024-10-12,3497.74,571.66,2926.08,2660.07
Wed,2024-11-12,5259.56,1008.96,4250.6,3864.18
Thu,2024-12-12,3288.73,406.0,2882.73,2620.66
Fri,2024-12-13,6341.51,934.44,5407.07,4915.52
Sat,2024-12-14,5699.53,1237.94,4461.59,4055.99
Sun,2024-12-15,4558.68,661.88,3896.8,3542.55
Mon,2024-12-16,3437.71,641.49,2796.22,2542.02
Tue,2024-12-17,4556.61,1043.24,3513.37,3193.97
Wed,2024-12-18,7086.5,1263.71,5822.79,5293.45
Thu,2024-12-19,6745.54,1063.81,5681.73,5165.21
Fri,2024-12-20,8209.44,1501.66,6707.78,6097.98
Sat,2024-12-21,10741.26,1856.7,8884.56,8076.87
Sun,2024-12-22,9584.33,1518.66,8065.67,7332.43
Mon,2024-12-23,10263.28,2198.54,8064.74,7331.58
Tue,2024-12-24,11292.21,2144.74,9147.47,8315.88
Thu,2024-12-26,2697.79,697.9,1999.89,1818.08
Fri,2024-12-27,3623.72,852.31,2771.41,2519.46
Sat,2024-12-28,3855.73,966.87,2888.86,2626.24
Sun,2024-12-29,3300.79,638.91,2661.88,2419.89
Mon,2024-12-30,5246.61,1187.79,4058.82,3689.84
Tue,2024-12-31,5970.52,1325.31,4645.21,4222.92
Thu,2025-02-01,5286.63,715.55,4571.08,4155.53
Fri,2025-03-01,2961.87,421.61,2540.26,2309.33
Sat,2025-04-01,4389.76,545.99,3843.77,3494.34
Sun,2025-05-01,1643.91,128.8,1515.11,1377.37
Mon,2025-06-01,2928.8,292.77,2636.03,2396.39
Tue,2025-07-01,2763.8,357.75,2406.05,2187.32
Wed,2025-08-01,1857.93,269.39,1588.54,1444.13
Thu,2025-09-01,1277.9,141.41,1136.49,1033.17
Fri,2025-10-01,1472.93,286.89,1186.04,1078.22
Sat,2025-11-01,3553.73,487.18,3066.55,2787.77
Sun,2025-12-01,1105.91,116.3,989.61,899.65
Mon,2025-01-13,2732.83,429.57,2303.26,2093.87
Tue,2025-01-14,1866.89,386.81,1480.08,1345.53
Wed,2025-01-15,2113.88,335.19,1778.69,1616.99
Thu,2025-01-16,1508.87,318.4,1190.47,1082.25
Fri,2025-01-17,1709.89,388.0,1321.89,1201.72
Sat,2025-01-18,5205.72,979.8,4225.92,3841.75
Sun,2025-01-19,1499.94,314.99,1184.95,1077.23
Mon,2025-01-20,3315.81,474.79,2841.02,2582.75
Tue,2025-01-21,656.97,216.65,440.32,400.29
Wed,2025-01-22,2048.85,512.25,1536.6,1396.91
Thu,2025-01-23,2446.84,581.75,1865.09,1695.54
Fri,2025-01-24,5014.66,1033.25,3981.41,3619.46
Sat,2025-01-25,2857.8,669.5,2188.3,1989.36
Sun,2025-01-26,1477.9,309.5,1168.4,1062.18
Mon,2025-01-27,149.99,37.5,112.49,102.26
Tue,2025-01-28,998.93,120.5,878.43,798.57
Wed,2025-01-29,579.95,30.0,549.95,499.95
Thu,2025-01-30,1642.6,137.5,1505.1,1368.27
Fri,2025-01-31,4469.7,549.47,3920.23,3563.85
Sat,2025-01-02,4447.76,517.0,3930.76,3573.42
Sun,2025-02-02,1759.62,136.74,1622.88,1475.35
Mon,2025-03-02,1198.92,46.0,1152.92,1048.11
Tue,2025-04-02,4438.69,582.0,3856.69,3506.08
Wed,2025-05-02,1320.9,273.45,1047.45,952.23
Thu,2025-06-02,6544.57,1706.95,4837.62,4397.84
Fri,2025-07-02,4349.71,961.99,3387.72,3079.75
Sat,2025-08-02,2348.81,476.0,1872.81,1702.55
Sun,2025-09-02,2589.78,664.0,1925.78,1750.71
Mon,2025-10-02,3048.77,751.49,2297.28,2088.44
Tue,2025-11-02,2579.81,548.0,2031.81,1847.1
Wed,2025-12-02,4277.69,1019.48,3258.21,2962.01
Thu,2025-02-13,1488.88,247.0,1241.88,1128.98
Fri,2025-02-14,1073.91,128.0,945.91,859.92
Sat,2025-02-15,2678.81,580.5,2098.31,1907.55
Sun,2025-02-16,6637.59,1817.48,4820.11,4381.92
Mon,2025-02-17,2375.84,595.48,1780.36,1618.51
Tue,2025-02-18,1598.9,385.0,1213.9,1103.55
Wed,2025-02-19,2194.34,414.5,1779.84,1618.04
Thu,2025-02-20,1329.94,338.0,991.94,901.76
Fri,2025-02-21,2328.85,531.5,1797.35,1633.95
Sat,2025-02-22,4020.73,933.97,3086.76,2806.15
Sun,2025-02-23,3428.76,848.5,2580.26,2345.69
Mon,2025-02-24,1679.88,354.0,1325.88,1205.35
Tue,2025-02-25,1669.87,328.5,1341.37,1219.43
Wed,2025-02-26,2969.79,722.96,2246.83,2042.57
Thu,2025-02-27,4479.7,1412.5,3067.2,2788.36
Fri,2025-02-28,2389.83,467.25,1922.58,1747.8
Sat,2025-01-03,4546.7,1240.98,3305.72,3005.2
Sun,2025-02-03,3969.66,888.96,3080.7,2800.64
Mon,2025-03-03,6829.59,1812.98,5016.61,4560.55
Tue,2025-04-03,1059.91,-46.0,1105.91,1005.37
Wed,2025-05-03,4599.74,331.0,4268.74,3880.67
Thu,2025-06-03,2552.86,209.01,2343.85,2130.77
Fri,2025-07-03,3410.8,698.92,2711.88,2465.35
Sat,2025-08-03,3869.82,394.92,3474.9,3159.0
Sun,2025-09-03,3917.78,338.94,3578.84,3253.49
Mon,2025-10-03,832.94,35.99,796.95,724.5
Tue,2025-11-03,1972.89,338.55,1634.34,1485.76
Wed,2025-12-03,5126.67,1072.43,4054.24,3685.67
Thu,2025-03-13,3954.76,622.91,3331.85,3028.95
Fri,2025-03-14,1238.87,162.69,1076.18,978.35
Sat,2025-03-15,5984.64,1085.88,4898.76,4453.42
Sun,2025-03-16,98.96,131.75,-32.79,-29.81
Mon,2025-03-17,1845.87,356.64,1489.23,1353.85
Tue,2025-03-18,4136.78,770.59,3366.19,3060.17
Wed,2025-03-19,3188.79,729.8,2458.99,2235.45
Thu,2025-03-20,2529.83,526.0,2003.83,1821.66
Fri,2025-03-21,6358.61,1400.8,4957.81,4507.1
Sat,2025-03-22,5126.72,1070.4,4056.32,3687.56
Sun,2025-03-23,2566.84,486.81,2080.03,1890.94
Mon,2025-03-24,2659.79,581.98,2077.81,1888.92
Tue,2025-03-25,1599.89,320.0,1279.89,1163.54
Wed,2025-03-26,4239.73,831.0,3408.73,3098.85
Thu,2025-03-27,1869.86,273.0,1596.86,1451.69
Fri,2025-03-28,2479.85,409.0,2070.85,1882.59
Sat,2025-03-29,1319.91,137.0,1182.91,1075.37
Sun,2025-03-30,3549.76,525.0,3024.76,2749.78
Mon,2025-03-31,3129.78,373.0,2756.78,2506.16
Tue,2025-01-04,3619.75,516.0,3103.75,2821.59
Wed,2025-02-04,3169.77,336.0,2833.77,2576.15
Thu,2025-03-04,2660.81,508.0,2152.81,1957.1
Fri,2025-04-04,5558.69,712.7,4845.99,4405.45
Sat,2025-05-04,2170.83,272.2,1898.63,1726.03
Sun,2025-06-04,2798.81,354.7,2444.11,2221.92
Mon,2025-07-04,4579.72,641.0,3938.72,3580.65
Tue,2025-08-04,4829.7,1126.0,3703.7,3367.0
Wed,2025-09-04,2409.85,563.0,1846.85,1678.95
Thu,2025-10-04,4609.67,922.0,3687.67,3352.43
Fri,2025-11-04,2929.82,643.97,2285.85,2078.05
Sat,2025-12-04,3159.77,657.98,2501.79,2274.35
Sun,2025-04-13,2399.83,480.0,1919.83,1745.3
Mon,2025-04-14,1589.88,424.0,1165.88,1059.89
Tue,2025-04-15,2739.77,555.97,2183.8,1985.27
Wed,2025-04-16,3599.76,720.0,2879.76,2617.96
Thu,2025-04-17,5059.71,967.0,4092.71,3720.65
Sat,2025-04-19,6209.62,1242.0,4967.62,4516.02
Mon,2025-04-21,1759.9,277.0,1482.9,1348.09
Tue,2025-04-22,3008.77,608.9,2399.87,2181.7
Wed,2025-04-23,2689.82,504.92,2184.9,1986.27
Thu,2025-04-24,1588.86,180.96,1407.9,1279.91
Sat,2025-04-26,7639.56,1755.88,5883.68,5348.8
Sun,2025-04-27,2639.86,575.96,2063.9,1876.27
Mon,2025-04-28,4009.75,866.95,3142.8,2857.09
Tue,2025-04-29,4079.8,1045.46,3034.34,2758.49
Wed,2025-04-30,2719.78,718.5,2001.28,1819.35
Thu,2025-01-05,2639.78,646.5,1993.28,1812.07
Fri,2025-02-05,5979.65,1502.5,4477.15,4070.14
Sat,2025-03-05,8469.44,2135.0,6334.44,5758.58
Sun,2025-04-05,6849.57,1859.48,4990.09,4536.45
Mon,2025-05-05,3149.84,801.5,2348.34,2134.85
Tue,2025-06-05,2259.8,522.5,1737.3,1579.36
Wed,2025-07-05,5659.66,1415.0,4244.66,3858.78
Thu,2025-08-05,9619.35,2738.5,6880.85,6255.32
Fri,2025-09-05,7791.36,2557.5,5233.86,4758.05
Sat,2025-10-05,13939.32,3940.5,9998.82,9089.84
Sun,2025-11-05,6809.52,1822.5,4987.02,4533.65
Mon,2025-12-05,6039.63,1736.0,4303.63,3912.39
Tue,2025-05-13,2879.86,706.99,2172.87,1975.34
Wed,2025-05-14,3079.8,691.96,2387.84,2170.76
Thu,2025-05-15,3979.78,919.42,3060.36,2782.15
Fri,2025-05-16,4119.75,936.42,3183.33,2893.94
Sat,2025-05-17,6588.62,1542.4,5046.22,4587.47
Sun,2025-05-18,7429.54,1778.88,5650.66,5136.96
Mon,2025-05-19,7059.64,1595.92,5463.72,4967.02
Tue,2025-05-20,5684.68,1379.38,4305.3,3913.91
Wed,2025-05-21,3969.83,1045.46,2924.37,2658.52
Thu,2025-05-22,2326.87,486.43,1840.44,1673.13
Fri,2025-05-23,1511.93,193.99,1317.94,1198.13
