style,colour,qty,avg_price,net_$
115179,White,104,147.35,15213.96
115359,Black,101,168.32,16981.99
115359,ClassicNav,94,168.29,15792.06
115179,Black,94,144.6,13659.38
115179,Natural,92,147.95,13579.09
115179,ClassicNav,91,148.38,13493.1
116209,ClassicNav,90,98.79,8884.1
119448,Whit/Navy,87,89.27,7757.13
118286,White,79,138.78,10954.21
115179,Khaki,76,143.84,10883.3
207135G1,White,72,59.68,4298.29
116209,Natural,71,98.5,7029.3
117610,Navy/Whit,71,79.99,5679.29
115179,Indigo,67,142.57,9478.4
119448,Navy,66,89.72,5918.35
118286,Pink,63,135.96,8517.61
207135G1,French Nvy,63,57.75,3683.39
206637,French Nvy,61,148.36,9030.9
116517,White,60,78.4,4671.2
114852,White,60,69.99,4199.4
114948,Indigo,59,149.2,8798.42
116295,Natural,59,138.11,8126.41
116295,White,59,137.41,8049.41
116209,White,59,99.09,5834.41
116209,Black,59,98.57,5804.42
116517,Navy/Whit,59,79.82,4708.42
118059,Ivory,59,78.81,4598.08
118179,Blue/White,58,85.03,4993.96
117610,White,58,79.08,4584.43
115359,Cappuccino,57,169.03,9621.43
207713,Limestone,57,99.7,5678.44
207713,French Nvy,57,97.8,5590.47
206549,French Nvy,55,176.5,9690.49
206637,Limestone,55,148.62,8160.96
207135G1,Black,55,59.51,3275.45
116295,ClassicNav,54,137.19,7389.07
117650,White,54,119.79,6407.58
115359,Silver,53,168.62,8915.47
207144,ClassicNav,53,129.49,6861.21
206726,Airfr Blue,52,97.26,5030.51
116517,Navy,52,79.0,4130.49
206531,French Nvy,51,168.09,8530.5
119190,ClassicNav,51,125.89,6465.69
119099,White,51,46.79,2380.06
206531,Deep Grey,50,143.85,6991.01
207144,White,50,129.2,6454.01
207144,Frost Blue,49,128.66,6296.71
119448,Khaki,48,89.0,4268.53
116295,Indigo,47,134.99,6334.55
206531,Chestnut,46,140.54,6404.04
117533,Bone,45,135.79,6110.64
116209,Khaki,45,96.53,4323.58
117434,String,44,360.57,15752.58
116295,Khaki,44,134.53,5865.2
113032,ClassicNav,44,95.18,4173.57
207142,Black,44,61.43,2726.49
115358,Black,43,98.86,3975.04
114951,Navy,42,130.68,5493.41
114852,Black,42,69.72,2928.59
114951,Black,41,155.87,6257.14
118100,Black,41,124.5,4804.31
118516,Blue Wash,40,165.89,6578.6
116295,Black,40,132.03,5233.66
118684,Whit/Navy,40,62.56,2507.62
117720,Navy,39,197.79,7709.61
116284,White,39,168.33,6558.61
115453,Navy Multi,39,162.52,6323.63
207747,White,39,139.21,5424.61
207713,Milk,39,99.52,3879.61
119110,Sand,37,426.55,15172.91
115358,ClassicNav,37,119.09,4373.75
114539,Black,37,111.97,4024.27
206726,Limestone,37,99.47,3674.63
206726,Olive,37,98.8,3648.64
114852,Navy,37,69.99,2589.63
206750G1,Whit/Navy,37,59.99,2219.63
206531,Black,36,174.12,6209.66
118019,Navy,36,166.55,5947.94
206726,Tan,36,99.99,3599.64
207713,Khaki,36,98.46,3574.64
118408,Navy,36,69.93,2517.76
207135G1,Pl Blue,36,58.24,2096.67
118019,Ivory,35,161.23,5520.88
115816,Blue Wash,35,147.72,5161.16
118773,Navy,35,146.47,5079.75
117533,ClassicNav,35,139.6,4924.18
117399,Navy,35,133.14,4632.69
207714,French Nvy,35,127.17,4445.65
114852G1,White,35,69.61,2432.15
206531,Mid Blue,34,176.88,6002.66
206531,Sand,34,174.62,5966.67
207269G1,White,34,129.91,4461.66
119086,Navy/Whit,34,86.2,2934.68
119469,Navy/Whit,34,84.54,2852.9
207143,Ink Mel,34,77.54,2636.69
118152,Navy,34,63.59,2163.66
206578,Navy,33,135.23,4272.76
119390,Blue/Multi,33,59.98,1919.35
207135G1,Mulberry,33,53.1,1738.78
206531,Bluestone,33,50.76,1675.25
206531,Chocolate,32,171.31,5464.69
118382,White,32,127.46,4068.68
117432,Dk Wash,32,126.83,4055.68
206726,White,32,98.19,3138.69
113032,Bone,32,96.05,3077.7
207142,Navy,32,57.16,1839.82
207721,Chambray,31,137.86,4269.69
115179,Morc Blue,31,108.87,3293.05
118886,Navy/Whit,31,86.62,2671.91
118152,White,31,60.35,1871.73
117241,Navy,31,57.64,1782.44
206531,Fatigue,30,175.82,5274.7
118283,ClassicNav,30,171.79,5153.71
207211,Vint Wash,30,157.32,4823.7
206867,Raw Indigo,30,157.99,4735.7
118286,ClassicNav,30,126.45,3793.76
207713,Olive,30,99.33,2978.71
207713,White,30,96.89,2898.71
119243,Blue/Multi,30,84.93,2599.72
116517,Cerise,30,74.64,2213.76
SPKBOT0084,Multi,30,67.67,2030.37
117256,Navy/Whit,30,59.49,1819.7
117665,Hazelnut,29,255.82,7494.81
206549,Black,29,174.42,5004.92
206637,Moss,29,137.02,3921.79
119327,Blue/White,29,125.82,3640.72
117651,White,29,121.19,3514.76
207713,Black,29,98.67,2899.71
118859,Whit/Navy,29,82.84,2523.72
119315,White Mult,29,82.84,2373.77
117720,Winter Wht,28,198.56,5559.72
119325,ClassicNav,28,162.7,4555.75
119122,White,28,149.99,4199.72
118162,Tan,28,138.68,3920.02
206637,Azure,28,139.49,3884.77
207747,Navy,28,138.78,3884.72
206576,Navy,28,144.53,3748.83
118286,Lt Blue,28,131.62,3668.73
207714,Limestone,28,129.99,3639.72
118564,Navy,28,123.15,3341.05
118566,White,28,119.03,3321.97
206754,French Nvy,28,95.99,2717.72
118360,Whit/Navy,28,96.66,2619.92
118179,Coast,28,85.44,2374.25
118203,Pink Multi,28,67.97,1891.07
117241,Black,28,57.82,1614.73
115356,ClassicNav,27,175.49,4733.73
206863,Raw Indigo,27,159.99,4319.73
118162,ClassicNav,27,146.13,3876.82
207269G1,Navy,27,133.62,3609.73
207748,Navy,27,129.0,3477.23
118060,Lt Blue,27,87.32,2357.75
117610,Navy,27,78.23,2108.74
118362,Whit/Navy,27,74.16,1990.76
118671,Navy,26,289.25,7434.74
117139,Dk Wash,26,148.39,3848.75
206576,Greystone,26,146.89,3620.83
114953,Navy,26,128.99,3353.74
114953,Black,26,127.55,3301.74
206754,Age Blue,26,100.92,2607.74
115358,Cappuccino,26,88.74,2346.87
118859,Navy/Whit,26,89.99,2339.74
119374,Whit/Navy,26,86.6,2251.76
119084,Multi Whte,26,83.92,2170.04
118203,Violet,26,72.63,1853.86
118667,Multi,26,55.59,1438.76
117665,Navy,25,240.14,6066.34
118703,Navy,25,193.62,4889.75
206549,Fatigue,25,177.25,4414.95
118773,Pine,25,165.5,4110.76
115814,Mid Wash,25,148.91,3719.75
206576,Almond,25,140.02,3340.84
207267G1,Navy,25,120.56,3019.75
116209,Indigo,25,98.26,2449.77
113032,Ivory,25,96.24,2398.76
207493,Navy,25,76.26,1898.76
207142,White,25,58.74,1438.86
206531,Utility,24,173.13,4167.76
118968,Lt Wash,24,162.22,3846.79
207553,Navy,24,146.75,3522.1
207264G1,Indigo,24,127.29,3103.76
207747,Dk Teal,24,111.35,2679.86
119448,Peacock,24,87.27,2072.77
119499,Multi,24,85.59,2036.79
118106,Navy/Ivory,24,84.32,2023.78
117610,Black,24,78.74,1889.78
116517,Dk Jade,24,74.82,1795.8
119387,Pink/White,24,76.81,1790.85
207135G1,Dk Teal,24,57.52,1370.78
207142,Charcoal,24,45.99,1256.89
SPKTP0057,Multi,24,29.01,696.38
SPKACS0015,Multi,24,19.28,462.0
119277,Pink,23,194.35,4458.78
115356,Black,23,168.88,3817.78
114540,Mid Wash,23,148.02,3398.78
207721,Indigo,23,139.99,3219.77
114952,Black,23,137.46,3161.77
207748,White,23,129.99,2989.77
207674,Pink/Navy,23,121.09,2767.31
207267G1,White,23,119.95,2758.78
115179,Fern,23,116.72,2717.89
207713,Tan,23,99.26,2278.78
118059,Navy,23,89.99,2069.77
117241,White,23,59.07,1358.78
SPKTP0116,Navy Multi,23,50.61,1164.15
119099,Navy,23,47.24,1061.8
118530,Winter Wht,22,212.82,4647.77
207689,Mid Blue,22,203.54,4478.0
119291,Navy,22,185.26,4016.81
115359,Milk,22,161.02,3506.8
206549,Deep Grey,22,157.41,3372.84
206910G1,Navy,22,147.08,3235.82
207580,Navy Mel,22,133.14,3174.83
115357,Latte,22,121.95,2683.11
118665,Multi,22,108.11,2212.95
118410,Indigo,22,88.16,1939.71
119258,Purp/Whit,22,80.19,1764.24
118340,White,22,79.54,1709.09
206755,Limestone,22,69.06,1577.9
114852G1,Black,22,69.19,1522.28
SPKONS0062,Pink,22,47.77,1050.97
517725,French Nvy,22,38.17,839.87
SPKTP0092,Pink,22,35.54,781.91
SPKTP0082,Blue/Multi,22,21.19,466.18
SPKTP0088,Green Mult,22,23.17,466.18
207379,Navy,21,435.4,9026.79
119259,Navy/Whit,21,362.75,7603.29
118064,Navy,21,197.38,4139.79
118876,Navy,21,197.14,4134.41
117430,Navy,21,182.82,3775.52
118771,Camel,21,175.67,3671.79
206549,Sand,21,171.38,3598.99
117925,Silver Mel,21,165.21,3399.89
117533,White,21,140.18,2943.8
119327,Khaki/Wht,21,128.03,2688.8
207779,Navy,21,107.06,2200.36
700490,Blk/Brown,21,99.99,2099.79
118330,Blue/Gree,21,82.19,1694.82
207575,White,21,71.86,1569.14
206755,Airfr Blue,21,75.37,1487.91
SPKJAC0036,Sand,21,64.47,1353.95
207379,Musk,20,445.89,8909.8
118738,Navy,20,155.51,3067.92
117226G1,Indigo,20,137.36,2736.8
118319,ClassicNav,20,128.99,2719.86
118773,Black,20,138.72,2711.88
207511,Dutch Blue,20,129.99,2599.8
207722,Chambray,20,127.9,2541.3
207269G1,Sky,20,122.17,2427.82
207269G1,Lagoon,20,121.22,2371.82
118183,Blue/White,20,113.69,2273.86
207426,Teal,20,103.99,2177.84
SPKJAC0034,Multi,20,105.24,2104.95
SPKDRS0049,Multi,20,97.62,1952.4
119469,Whit/Kha,20,89.09,1781.8
119329,Champagne,20,79.32,1583.8
118893,Black,20,78.99,1579.8
207734,Blue Mel,20,78.99,1578.81
207625,Steel Blue,20,71.17,1467.92
206750G2,Whit/Navy,20,59.99,1199.8
SPKTP0109,Multi,20,46.54,930.89
207546,Orange Mul,20,39.47,780.0
SPKTP0081,Coral,20,29.97,598.6
SPKTP0084,White,20,24.58,420.99
117925,Wine,19,193.81,3799.81
118747,Winter Wht,19,167.77,3040.95
117399,Fern,19,139.99,2659.81
119159,Ivory/Navy,19,139.99,2659.81
119245,Blue/White,19,137.59,2609.41
207791,Navy,19,133.63,2558.21
118986,Navy,19,127.19,2399.82
207436,Navy,19,118.84,2235.82
207786,Blue/Multi,19,99.99,1899.81
207267G1,Grapefruit,19,97.26,1899.06
119258,Whit/Blue,19,87.65,1660.82
118544,White,19,87.6,1659.82
207493,White,19,79.46,1508.82
207773,WhiMulti,19,79.03,1499.81
118119,Navy/Whit,19,71.34,1458.93
116517,Sapphire,19,76.72,1457.83
118666,Multi,19,75.06,1426.15
SPKDRS0051,Green Mult,19,62.57,1188.94
207135,French Nvy,19,59.99,1139.81
SPKBOT0066,Multi,19,57.23,1083.97
118101,Navy,19,57.19,1068.9
207494,Moss,19,54.2,1029.91
207135G1,Elm,19,53.5,1023.14
SPKDRS0045,Green Mult,19,52.73,1001.95
SPKTP0120,Multi,19,41.39,749.26
SPKBOT0062,Pink,19,38.2,725.95
207143,Blue Mel,19,39.11,723.4
SPKTP0092,White,19,33.28,620.95
117871,Caramel,18,387.99,6959.82
207371,Navy,18,286.6,4828.93
119130,Multi,18,224.49,3989.92
118426,Raspberry,18,199.66,3896.06
117720,Apricot,18,196.44,3528.83
117720,Pl Blue,18,190.89,3417.84
118976,Red Multi,18,175.69,3113.88
118982,Black,18,167.94,3018.83
118773,Winter Wht,18,166.04,2988.83
117310,Black,18,178.26,2880.42
207212,Vint Wash,18,157.26,2879.82
118982,Wine,18,157.08,2775.86
206549,Chestnut,18,148.27,2718.22
119122,Navy,18,149.99,2699.82
206578,Dutch Blue,18,149.82,2696.85
119178,Navy/Whit,18,145.49,2609.82
207747,Lapis,18,133.49,2389.84
118677,Navy Multi,18,128.89,2369.92
116109G1,Washed Ind,18,129.64,2312.83
207721,Dk Pink,18,124.77,2245.86
207748,Khaki,18,122.42,2173.34
207269,Sky,18,115.31,2158.84
207392,Delft Blue,18,120.29,2145.86
207267,White,18,115.32,2047.84
700492,Black,18,99.99,1799.82
206754,Limestone,18,97.26,1739.82
119473,Orange/Wht,18,100.34,1726.95
118409,Mid Wash,18,93.58,1684.55
207446,Blue,18,95.54,1650.91
119638,Whit/Blue,18,89.99,1619.82
207463,Multi Whte,18,88.93,1600.91
118508,Blue/White,18,81.39,1529.92
119032,Navy,18,81.0,1458.16
118893,Navy,18,79.26,1423.82
207493,Black,18,79.19,1423.82
114852G1,Cerulean,18,67.71,1218.83
206750G2,Navy/Whit,18,59.99,1079.82
118101,White,18,53.17,971.88
SPKDRS0011,Denim,18,56.63,925.96
SPKBOT0026,Olive,18,45.82,818.58
SPKTP0089,White,18,43.05,774.92
SPKTP0085,WhiMulti,18,39.51,712.28
SPKKNW0009,Taupe,18,35.99,647.96
SPKTP0084,Faded Blue,18,22.14,395.39
118742,Navy/Whit,17,287.99,4823.84
118065,Navy,17,269.99,4589.83
206578,Malt,17,157.16,2671.83
206911G1,Black,17,152.41,2560.84
207716,Blue/White,17,149.99,2549.83
207553,Oatmeal,17,147.09,2507.85
207426,Delft Blue,17,126.23,2277.82
207714,Age Blue,17,129.99,2209.83
119190,Cappuccino,17,127.69,2170.83
115359,Emerald,17,132.2,2096.4
118566,Blue,17,122.41,2081.05
117842,Blue/Multi,17,119.99,2039.83
207717,Whit/Blue,17,121.73,2012.9
207709,Navy/Whit,17,114.96,1954.36
207447,Blue/White,17,114.51,1924.84
118286,Lilac,17,110.7,1881.91
206726,Frost Blue,17,95.87,1588.84
118124,Ivory/Mult,17,86.96,1478.38
118179,Raspberry,17,85.16,1447.85
119474,Green Mult,17,83.43,1379.06
118203,Blue/Multi,17,82.18,1365.87
207771,Blue/Multi,17,79.99,1359.83
207491,Lagoon,17,78.46,1333.89
207143,Ink,17,77.83,1318.84
207515,Ball Pt Bl,17,77.51,1317.68
207751,Teal,17,74.72,1259.83
207699,Dk Teal,17,71.72,1224.86
118114,Multi,17,68.87,1210.6
118669,Blue/Multi,17,78.04,1198.94
118629,Pink Multi,17,74.5,1186.57
114852G1,Navy,17,68.96,1172.33
118479,Blue/Multi,17,66.93,1137.95
206755,Black,17,69.81,1088.94
SPKJAC0037,Sand,17,62.21,1063.99
118943,Blue/White,17,60.47,1028.15
118517,Whit/Navy,17,59.28,1007.83
207135,Teal,17,52.58,893.89
SPKBOT0088,Multi,17,45.1,736.96
SPKBOT0085,Mid Blue,17,37.7,640.92
SPKBOT0083,Mid Blue,17,38.2,605.97
SPKBOT0061,Mint,17,35.05,595.97
SPKKNW0012,Taupe,17,31.13,527.2
SPKTP0066,Blue/White,17,30.99,524.98
SPKONS0052,Pink,17,30.35,515.98
119013,Black,16,343.6,5384.89
118907,Navy,16,340.61,5337.34
207689,Dusty Pink,16,244.58,3604.5
118819,Navy/Whit,16,199.99,3199.84
119242,Multi,16,194.99,3119.84
117720,Mint,16,192.44,3048.85
117720,Lavender,16,186.11,2977.86
118911,Ivory/Navy,16,159.99,2559.84
119055,Cerulean,16,154.05,2464.89
118572,Black,16,153.99,2463.88
118773,Charcoal,16,158.61,2446.87
119313,ClassicNav,16,149.05,2437.34
119044,Dk Wash,16,138.64,2436.87
207683,Nat Mel,16,146.94,2338.85
206637,White,16,143.65,2309.84
119515,Navy Multi,16,142.8,2227.34
119122,Orchid,16,131.71,2107.39
116501,Mid Wash,16,127.62,2027.84
206910G1,Charco Mel,16,123.88,1982.2
207725,Multi,16,123.13,1970.21
207144,Dutch Blue,16,120.99,1917.86
207348,Foliage,16,116.24,1859.88
207268,Chambray,16,113.88,1809.86
207770,Khaki,16,101.99,1803.9
118183,Navy/Whit,16,116.99,1793.9
700492,Brown,16,99.99,1599.84
207696,Navy,16,97.21,1549.84
119168,Multi,16,96.76,1521.87
119456,Navy Multi,16,95.21,1493.88
206726,Lagoon,16,87.3,1396.87
118179,Navy,16,87.3,1396.84
207700,Forest,16,89.79,1395.88
118859,Ivory/Burg,16,83.74,1339.86
207615,White Mult,16,79.17,1225.21
118514,Cobalt,16,77.35,1203.9
119329,Silver,16,73.15,1156.87
207734,Beige,16,70.69,1131.09
114852G1,Pl Blue,16,69.99,1119.84
118643,Green Mult,16,68.88,1102.12
114852G1,Orchid,16,66.99,1074.85
118632,Delft Blue,16,67.19,1056.92
118902,Blue/Multi,16,68.58,1050.93
SPKJAC0017,Emerald,16,64.94,988.95
118838,Navy,16,59.6,955.24
SPKBOT0068,Chambray,16,59.49,951.92
207135,Wine,16,57.36,938.85
SPKJAC0019,Emerald,16,58.11,926.3
SPKDRS0039,Pink,16,51.56,824.99
207135,Salmon,16,52.51,811.7
207135G1,Seagreen,16,49.11,785.91
SPKKNW0015,Pink,16,48.8,780.89
207643,Wineberry,16,47.18,754.99
SPKSLP0005,Blue/Multi,16,43.31,741.7
SPKSLP0007,Mustard Mu,16,44.66,725.98
SPKBOT0064,Multi,16,44.18,706.97
SPKTP0115,Navy Multi,16,40.49,647.96
SPKTP0074,Coral,16,34.55,563.95
517725,Fatigue,16,22.22,399.98
SPKACS0018,Multi,16,21.71,341.98
118620,Stone,15,385.22,5748.86
119291,String,15,195.03,2885.85
118575,Blk/Multi,15,175.18,2598.86
119055,Black,15,169.99,2549.85
119055,ClassicNav,15,169.99,2549.85
118572,Navy,15,165.45,2481.87
115359,Pear,15,156.39,2345.87
207487,Navy Multi,15,150.2,2253.07
206911G1,Navy,15,150.3,2177.08
118833,Multi,15,144.32,2144.15
119440,Whit/Kha,15,144.28,2141.36
118286,Berry,15,139.99,2099.85
117431,String,15,139.26,2088.91
119502,Pink Multi,15,138.77,2071.85
206910G1,Black,15,137.55,2045.89
118696,Blue/Multi,15,133.59,2003.91
206997,WhiMulti,15,129.99,1949.85
207729,Blue/Multi,15,127.83,1908.86
119468,Navy/Whit,15,127.77,1898.86
207423,White,15,126.59,1898.86
118986,Grey Marle,15,116.59,1748.87
118566,Pink,15,116.39,1745.89
207268G1,Teal,15,112.51,1657.87
207758,Blue/Multi,15,103.39,1550.94
118384,Multi Whte,15,98.92,1483.87
119196,Blue/White,15,97.57,1458.86
207787,Navy Multi,15,97.83,1458.86
207762,Cappuccino,15,96.1,1433.86
119508,Tan/White,15,95.22,1418.86
207669,Navy,15,89.2,1294.9
118507,Blue/Multi,15,80.69,1273.87
118544,Navy,15,84.52,1267.87
118301,Blue/White,15,81.43,1221.54
118639,Blue/Multi,15,80.34,1185.89
207493,Charcoal,15,77.85,1167.85
207597,Steel Blue,15,86.33,1167.68
118364,Whit/Blue,15,82.24,1164.9
207699,Mulberry,15,77.19,1157.87
SPKDRS0048,White,15,75.46,1131.93
SPKDRS0056,Lilac,15,77.17,1111.93
207404,Blue,15,81.17,1099.97
117174,Ivory/Blue,15,73.26,1098.96
118556,Oatmea Mel,15,73.94,1044.92
118977,Red Multi,15,62.53,932.17
207494,Lagoon,15,59.07,886.05
118632,White,15,57.59,863.96
SPKTP0107,Blue/Ivory,15,58.93,861.93
207143,Roy Purple,15,53.26,798.96
SPKSLP0002,Multi,15,47.29,725.99
SPKONS0053,Sage,15,47.19,707.97
SPKONS0083,Sand,15,44.46,657.97
SPKTP0067,Red/White,15,42.66,639.95
SPKBOT0089,Navy/Whit,15,47.51,637.97
207411,Sun Baked,15,48.76,628.96
SPKBOT0063,White,15,40.46,609.95
SPKBOT0082,Sand,15,40.68,571.58
SPKKNW0019,Ivory,15,36.46,546.98
SPKBOT0083,Sand,15,34.81,522.17
SPKTP0087,Pink,15,25.39,380.96
517777,Multi,15,23.2,348.01
SPKTP0082,Mult Coral,15,18.72,277.4
118622,Camel,14,432.49,5984.86
207570,Moss,14,392.56,5495.9
117434,Navy,14,337.92,4666.89
118584,Navy Multi,14,271.57,3992.34
118735,Lavender,14,205.4,3061.37
118735,Navy,14,197.05,2692.93
118283,Tan,14,154.63,2164.88
119447,Multi,14,149.99,2099.86
119379,Navy/Whit,14,147.31,2062.36
207398,Multi,14,141.88,2055.89
118286,Pear,14,139.99,1959.86
119245,Tan/White,14,139.99,1959.86
207580,Oatmeal,14,142.24,1955.9
207747,Elm,14,136.8,1908.87
207683,Navy,14,137.24,1895.9
206637,Malt,14,131.92,1846.89
207755,WhiMulti,14,129.99,1819.86
119404,White,14,132.04,1816.89
207640,Dk Sage,14,127.77,1788.87
119190,Black,14,127.1,1767.86
207429,Teal,14,119.28,1708.93
207461,Royal Blue,14,120.79,1691.16
118819,Lt Blue,14,128.57,1657.26
207719,Multi,14,117.73,1648.29
119096,White,14,102.93,1524.14
207455,Navy,14,111.05,1516.87
118359,Blue/White,14,116.8,1468.97
207748,Seagreen,14,103.12,1443.73
118119,Whit/Navy,14,102.35,1432.93
117431,Navy,14,101.48,1420.72
207762,Navy,14,98.42,1374.86
118824,Blue/White,14,97.72,1368.14
207713,Frost Blue,14,97.42,1358.87
207145,Navy,14,95.22,1337.88
207702,Navy,14,94.13,1317.88
207219,Hessian,14,89.49,1252.93
118870,Pink Multi,14,83.05,1210.95
118059,Khaki,14,84.86,1177.88
118364,Whit/Green,14,84.05,1144.91
119085,Red/Pink,14,83.84,1136.89
207597,Ball Pt Bl,14,80.64,1128.97
207498,Birch,14,78.85,1103.92
207795,Wash Black,14,78.11,1093.57
118379,Regatta,14,86.87,1089.96
207625,Moss,14,75.13,1051.94
118367,Blue/Multi,14,75.06,1050.91
207657,Sky Blue,14,74.49,1042.93
113032,Sienna,14,76.8,1028.92
207699,Cobalt,14,71.06,994.91
207409,White,14,83.36,980.56
SPKKNW0036,Blue/Multi,14,70.74,951.94
SPKJAC0038,Pink,14,77.93,926.99
114852,Brt Pink,14,63.99,883.88
SPKBOT0078,Age Blue,14,62.72,878.16
206549,Olive,14,58.46,818.52
117241,Khaki,14,56.99,797.88
SPKONS0055,Multi,14,55.47,760.18
118376,Blue/White,14,52.99,727.98
207699,Seagreen,14,47.26,694.73
118472,Raspberry,14,47.25,661.5
114852G1,Celery,14,49.49,651.94
517725,Sand,14,46.42,649.88
SPKONS0051,Pink,14,45.64,638.97
SPKKNW0011,Taupe,14,45.23,636.99
SPKTP0058,Grey Strip,14,25.9,362.72
SPKTP0086,Green Mult,14,24.99,349.96
517779,Multi,14,17.92,250.99
517772,Multi,14,17.64,247.01
118622,Navy,13,435.16,5597.87
119432,Blue/Multi,13,330.19,4152.94
117434G1,White,13,328.99,4030.91
118426,Turquoise,13,249.99,3249.87
119217,Silver,13,246.65,3199.87
118489,Pink Multi,13,233.99,3041.91
117310,French Nvy,13,230.3,2993.93
207679,Navy,13,239.0,2987.0
118944,Red Multi,13,230.07,2911.38
118741,White,13,208.91,2715.89
118755,Dk Khaki,13,199.99,2599.87
119324,White Mult,13,199.99,2599.87
119209,Navy/Whit,13,195.92,2538.88
118755,Milk,13,192.7,2446.88
118998,Multi Whte,13,178.99,2326.9
118238,ClassicNav,13,171.53,2318.09
207767,Khaki,13,176.99,2294.87
118064,Stone,13,179.25,2247.4
118283,Morc Blue,13,172.22,2238.88
115359,Pl Blue,13,166.14,2159.87
119020,Indigo,13,166.34,2133.37
207564,True Blue,13,159.99,2079.87
117655,Navy,13,191.86,2077.99
207363,Navy,13,145.46,2023.93
118881,Navy,13,160.92,2013.93
118564,Cerise,13,143.99,1949.87
119769,Navy,13,149.99,1949.87
206578,Bnt Orange,13,147.53,1917.89
117925,Winter Wht,13,140.79,1913.93
115179,Cerulean,13,146.59,1898.88
207439,Airfr Blue,13,146.46,1889.87
118600,Her Blue,13,141.36,1867.89
207439,Sand,13,142.49,1852.37
207784,Cobalt/Wht,13,139.99,1819.87
118564,Cobalt,13,141.93,1796.9
119122,Sun,13,136.39,1745.91
119122,Lt Teal,13,134.3,1745.91
207580,Lake Blue,13,134.3,1745.91
118572,Charco Mel,13,132.55,1723.24
115179,Brt Pink,13,132.39,1721.1
207756,Green Mult,13,132.14,1717.89
119204,Multi,13,129.99,1689.87
207144,Vine,13,129.99,1689.87
207733G1,Navy,13,126.91,1649.87
207462,Marine,13,121.85,1567.89
207640,Navy,13,121.85,1567.88
207267G1,Lagoon,13,119.99,1559.87
207264G1,Teal,13,120.03,1545.89
207748,Cobalt,13,113.92,1530.9
207427,Pruss Blue,13,117.19,1497.9
207710,Green,13,117.05,1495.91
207537,Indigo,13,114.22,1484.92
119027,Orange/Wht,13,113.16,1471.16
207464,Jungle,13,114.95,1464.4
118379,Putty,13,103.96,1441.43
207721,Barley,13,119.3,1426.92
207741,Multi,13,99.83,1401.21
118301,Navy/Whit,13,107.92,1398.88
119493,Pink/White,13,99.99,1299.87
119263,Pink Multi,13,99.62,1295.15
207520,Purple,13,97.84,1271.95
207762,White,13,96.52,1254.87
118344,Navy,13,95.65,1234.87
119233,Navy,13,94.45,1227.89
119445,Multi,13,92.78,1224.9
119261,White Mult,13,93.94,1221.29
207713,Dusty Pink,13,93.33,1200.11
118344,White,13,89.46,1163.09
118060,Pink Mel,13,88.6,1151.87
118060,Green Mel,13,88.25,1147.37
207669,Tan,13,91.2,1135.91
207736,Blue/Multi,13,87.37,1135.91
207399,Navy,13,78.8,1084.11
SPKJAC0004,Denim,13,82.53,1072.94
118556,Blue Mel,13,82.29,1069.89
118892,Pink Multi,13,81.79,1046.9
118695,Navy Multi,13,82.95,1024.33
118246,Navy/Whit,13,72.39,987.91
207772,Multi,13,75.68,983.87
119328,Whit/Blue,13,75.85,977.89
207699,Hibiscus,13,75.14,976.9
207779,Grey,13,72.3,939.97
207515,Foliage,13,71.48,917.25
207705,Pink Multi,13,74.12,911.95
118340,Navy,13,67.06,907.93
207494,Aqua,13,58.12,793.93
SPKDRS0052,Multi,13,60.37,790.29
206866,Wash Black,13,59.0,777.0
207135G1,Moss,13,57.45,746.88
SPKBOT0067,Multi,13,56.63,736.19
118370,Multi,13,56.22,730.96
SPKKNW0017,Pink,13,55.45,720.96
118132,Pink Multi,13,53.09,690.23
207411,Teal,13,48.94,676.15
118471,Raspberry,13,49.0,637.0
119099,Cove Blu,13,48.24,628.88
SPKBOT0087,Navy,13,45.45,590.96
SPKTP0111,Pink,13,40.91,531.95
SPKONS0052,White,13,33.19,397.99
517803,Yellow,13,15.25,183.02
207590,Camel,12,410.49,4925.92
119572,Pecan,12,296.24,3539.88
119216,Silver,12,268.53,3455.67
119511,Multi,12,290.06,3041.13
207379,Blue,12,235.83,2909.98
119211,Navy,12,239.27,2849.88
207690,Navy,12,249.0,2688.0
119463,Navy Multi,12,221.49,2657.9
207690,Dk Khaki,12,209.5,2514.0
118744,Navy,12,197.01,2440.16
118743,Black,12,228.74,2420.97
119260,White Mult,12,199.99,2399.88
119642,Whit/Navy,12,199.99,2399.88
118595,Black,12,196.78,2348.2
118802,Blue/Multi,12,196.04,2328.89
119124,Navy/Whit,12,194.27,2319.88
207631,Navy Multi,12,247.12,2250.28
119251,Silver,12,186.67,2186.91
118383,Multi Whte,12,162.49,2076.91
117843,Blue/Multi,12,172.99,2075.92
207724,Blue/Multi,12,173.49,2068.89
207766,Multi,12,169.4,2032.89
119480,Red Multi,12,166.95,1997.38
118773,Camel,12,162.49,1934.89
207583,Check,12,160.36,1909.79
115453,Hazelnut,12,149.31,1892.39
118572,Tan,12,163.15,1856.91
119313,Khaki,12,155.85,1805.4
119799,Navy,12,146.77,1754.88
118564,Apricot,12,144.2,1718.89
207738,Navy,12,142.4,1708.89
207622,Putty,12,133.85,1675.92
117399,Hydrangea,12,137.99,1651.88
118869,Pink Multi,12,135.7,1628.45
118285,ClassicNav,12,135.65,1627.9
115179,Orchid,12,136.63,1612.9
207768,Blue/Multi,12,134.99,1609.88
119162,Navy/Whit,12,136.5,1571.15
207746,Blue/Multi,12,129.99,1559.88
119512,Whit/Navy,12,127.82,1533.88
207264G1,Salmon,12,127.2,1520.88
207769,Navy Multi,12,127.71,1518.89
207714,Khaki,12,126.27,1507.88
207740,Forest,12,125.09,1501.09
118484,Blue/Multi,12,120.57,1489.98
207754,Barley,12,120.99,1451.9
119190,Milk,12,119.96,1439.59
207610,Foliage,12,122.49,1434.93
118157,String,12,119.33,1431.96
207396,Lagoon,12,120.63,1428.9
118372,Navy,12,119.53,1412.91
207720,Pink/Blue,12,114.49,1373.94
207461,Punch,12,109.49,1313.94
118154,Navy,12,109.24,1310.97
207609,Dutch Blue,12,111.06,1294.93
207397,Navy,12,106.76,1281.15
118652,Pink/White,12,106.63,1279.62
118183,Red/White,12,104.32,1251.93
119025,White,12,96.42,1191.96
207471,Melon,12,98.82,1185.92
207698,Blue/Multi,12,97.9,1174.88
207702,Orange,12,94.49,1133.89
SPKJAC0015,Tan,12,81.44,1111.96
118879,Multi Whte,12,90.28,1101.94
119639,Multi,12,89.99,1079.88
207703,Multi,12,89.74,1076.91
SPKDRS0064,Multi,12,89.74,1076.91
119326,Navy/Whit,12,89.57,1074.88
118134,Multi Whte,12,83.71,1073.94
207761,Multi,12,89.43,1073.19
206726,Salmon,12,83.27,1067.9
119448,Roseberry,12,88.49,1061.88
207521,Multi Whte,12,87.77,1053.27
207498,Marine,12,88.34,1036.91
207735,Dusty Pink,12,86.32,1035.92
119233,White,12,84.66,1015.92
118156,Navy,12,92.49,1014.95
118364,Whit/Navy,12,82.99,995.92
206531,Lagoon,12,78.63,943.98
118381,Whit/Navy,12,78.32,939.88
118408,Melon,12,77.4,928.89
SPKDRS0063,Navy,12,75.09,901.15
207536,Navy Multi,12,74.24,890.97
118714,Black/Whit,12,72.91,874.93
207404,Lagoon,12,81.42,859.98
SPKJAC0026,Brown,12,69.99,839.98
207546,Blue/Multi,12,66.92,838.99
118362,Navy/Whit,12,69.66,835.92
SPKDRS0041,Multi,12,69.41,832.95
118480,Red Multi,12,69.33,831.96
119335,Khaki,12,69.16,829.92
118891,Navy Multi,12,69.99,819.92
118344,Turquoise,12,72.35,812.95
SPKONS0061,White,12,66.91,802.95
118152,Melon,12,65.4,784.89
207143,Grapefruit,12,59.49,754.93
SPKDRS0050,Chambray,12,62.41,748.99
118813,Whit/Blue,12,60.06,742.95
SPKDRS0044,White,12,61.74,740.97
118942,Pink Multi,12,61.16,733.96
117256,Grey/White,12,59.99,719.88
207143,Red,12,57.41,688.93
118517G2,White,12,57.4,688.89
SPKBOT0027,Navy,12,54.28,651.46
SPKBOT0090,Chambray,12,54.16,649.98
207377,Navy,12,54.09,649.19
SPKBOT0069,Mid Wash,12,47.95,573.3
119099,Tan,12,47.28,567.38
206910,Black,12,43.16,518.0
SPKKNW0014,Navy,12,36.67,452.4
SPKBOT0044,Navy,12,39.95,439.37
SPKBOT0085,Sand,12,33.41,400.97
SPKTP0063,Blue,12,31.11,371.28
SPKTP0035,Burgundy,12,25.66,308.0
SPKTP0077,Blue/Multi,12,25.27,302.97
517776,Multi,12,17.33,208.02
207570,Navy Mel,11,357.22,4045.93
117460,Navy/Whit,11,341.39,3755.39
207442,Navy,11,301.44,3753.43
118545,ClassicNav,11,338.6,3601.91
207543,Grey Mel,11,227.9,2506.92
118539,Blk/Multi,11,226.45,2483.89
207679,Limestone,11,212.63,2339.0
119503,Pink Multi,11,196.91,2159.89
119413,Navy/Whit,11,195.29,2138.9
119414,Multi,11,190.6,2077.91
119393,Blue/Multi,11,188.59,2028.9
118595,Camel,11,183.65,1989.5
119030,Blue/Multi,11,176.99,1946.92
117674,Navy/Whit,11,173.19,1905.18
119501,Pink Multi,11,169.99,1869.89
119446,Multi,11,169.99,1869.89
118946,Stripe,11,169.45,1863.95
118202,Regatta,11,169.09,1859.99
206549,Lt Grey,11,168.9,1857.91
115359,Orchid,11,167.37,1835.89
119157,Navy/Whit,11,156.2,1772.69
207379,Stone,11,168.71,1754.19
118493,Multi Yell,11,146.52,1694.94
115359,Campari,11,153.44,1687.91
119407,Milk,11,147.26,1619.89
207363,Taupe,11,150.57,1602.96
207738,Cappuccino,11,145.29,1588.9
207712,White,11,143.92,1571.1
118947,Blue/Multi,11,141.26,1553.95
115179,Melon,11,140.8,1548.9
119278,Peacock,11,140.44,1544.89
118286,Cerulean,11,138.91,1525.89
118341,Navy/Ivory,11,139.06,1507.91
118117,Violet,11,145.68,1493.95
118286,Melon,11,132.81,1417.91
207727,Elm,11,123.9,1362.9
119505,Black,11,123.81,1361.91
207507,Navy,11,124.52,1358.9
118927,Denim,11,133.25,1353.95
207110,Navy,11,111.07,1265.93
207594,Wineberry,11,115.08,1265.93
118286,String,11,117.99,1253.92
118688,Blue/Multi,11,113.44,1247.89
207594,Ball Pt Bl,11,112.74,1240.22
207646,Navy Multi,11,124.61,1229.26
119391,Blue/Multi,11,100.45,1168.9
207554,Navy,11,105.54,1105.18
119025,Dusty Pink,11,98.45,1082.96
119769,Sorren Blu,11,98.36,1081.97
207733,Lime,11,102.45,1071.97
207267G1,Jungle,11,104.76,1061.09
116209,Orchid,11,96.26,1058.9
118829,Multi,11,95.56,1051.23
118681,Pink Multi,11,94.53,1039.89
207145,Cloud,11,92.83,1006.92
119780,Navy Multi,11,89.99,989.89
207735,Cobalt,11,89.81,987.91
207571,Biscuit,11,89.27,981.97
207063,Navy,11,87.89,966.88
207723,Multi,11,107.99,959.9
118725,Multi,11,92.99,910.98
118544G1,Navy,11,82.58,908.4
207645,Wineberry,11,80.58,886.39
116517G1,Soft Pink,11,79.99,879.89
207734,Ink,11,79.99,879.89
207657,Navy,11,79.48,874.37
118160,Brt Pink,11,78.97,868.73
207625,Navy,11,78.63,864.94
116517G1,Avocado,11,78.08,858.9
207735,Teal,11,76.55,842.15
116517,Apricot,11,75.26,827.91
SPKTP0110,Indigo,11,72.72,799.99
116517,Dusty Pink,11,71.62,787.91
118838,White,11,71.62,787.91
207517,Foliage,11,70.84,779.25
116517,Grey Mel,11,70.64,777.12
119151,Whit/Navy,11,69.6,744.94
207418,White,11,75.59,733.95
119137,Navy,11,71.72,732.39
207794,Natural,11,64.35,707.91
118517G2,Navy/Whit,11,59.99,659.89
118877,Red,11,57.99,637.96
207143,Salmon,11,57.63,633.95
207635,Navy,11,56.67,623.37
118546,Navy/Whit,11,56.45,620.98
118403,Green Mult,11,54.63,600.98
118338,Navy,11,71.36,587.74
118517G2,Strawberry,11,53.62,577.11
207268G1,Lemon,11,49.18,540.98
119099,Khaki,11,49.22,539.89
SPKSLP0009,Blue/Multi,11,48.09,529.0
SPKBOT0082,Navy,11,44.5,489.56
SPKTP0119,White,11,47.46,476.97
SPKKNW0016,Ivory,11,29.9,329.0
SPKKNW0010,Taupe,11,29.0,319.0
517775,Multi,11,24.1,260.0
118582,Blk/Multi,10,355.54,3896.91
119123,Navy/Whit,10,345.79,3457.92
207442,Sand,10,337.07,3144.95
119349,White,10,299.99,2999.9
118742,Winter Wht,10,281.49,2777.92
118958,Whit/Navy,10,256.59,2565.94
118664,Black,10,265.38,2517.46
118578,Navy,10,249.99,2499.9
118734,Silver Mel,10,244.99,2449.9
119523,Navy/Whit,10,245.82,2449.9
119342,Multi,10,243.74,2424.9
118747,Pepper Mel,10,240.89,2408.91
118734,Blue Mel,10,235.89,2358.91
119524,Navy,10,224.99,2249.9
118649,Navy,10,226.02,2164.43
118373,Navy Multi,10,262.36,2097.96
118236,Tan,10,209.29,2092.97
117724,Winter Wht,10,202.34,2023.44
118819,Hazelnut,10,196.65,1959.9
119394,White,10,197.13,1959.9
119552,Whit/Navy,10,191.99,1919.9
207632,Grey Mel,10,181.89,1818.91
117925,Azure,10,181.79,1817.92
118898,Navy Multi,10,183.15,1797.92
118736,Lavender,10,175.52,1755.27
118207,Blue/Multi,10,188.56,1741.98
118881,Camel,10,181.27,1737.92
118750,Stripe,10,177.24,1726.93
119019,Grey,10,169.99,1699.9
119577,Whit/Navy,10,169.99,1699.9
119055,Cappuccino,10,167.15,1665.9
118982,Navy,10,167.15,1657.4
118738,Lavender,10,165.59,1655.94
118896,Multi,10,164.49,1644.95
118752,Whit/Navy,10,170.01,1640.14
119811,Black,10,164.52,1623.4
119167,Multi,10,162.34,1623.4
119325,Latte,10,161.49,1614.91
115359,Sienna,10,155.79,1557.92
118940,Blue/Multi,10,149.99,1499.9
119799,Tan,10,149.99,1499.9
119096,Teal,10,146.24,1462.4
207468,Royal Blue,10,149.61,1455.42
119154,Pink Multi,10,145.49,1454.9
118983,Navy,10,145.74,1448.91
118241,Multi Whte,10,139.99,1399.9
119180,Navy/Whit,10,139.99,1399.9
119825,Whit/Blue,10,139.99,1399.9
114952,Navy,10,139.27,1389.9
119159,Yellow,10,135.89,1358.91
119092,Whit/Green,10,131.79,1317.92
119322,White,10,129.99,1299.9
119355,Strawberry,10,129.99,1299.9
207391,Yellow,10,129.99,1299.9
207445,Navy,10,154.61,1273.96
207740,Navy,10,127.39,1273.9
207722,Grey,10,127.28,1267.4
207144,Lilac,10,127.06,1258.91
119096,Navy,10,120.24,1244.95
118286,Hydrangea,10,127.74,1228.51
118157,Fern,10,122.39,1223.96
207351,Multi,10,123.49,1221.9
207733,Navy,10,121.79,1217.92
206910G1,Jungle,10,121.71,1217.15
207594,Moss,10,121.69,1200.41
118854,Peppermint,10,119.63,1196.3
207441,Blue/Multi,10,122.24,1186.93
118372,Hydrangea,10,117.49,1174.95
207640,Wineberry,10,116.54,1165.42
207110,Foliage,10,118.07,1156.93
207391,Red Multi,10,112.29,1122.92
207538,Orange,10,109.49,1094.95
207785,Navy,10,103.56,1093.96
207694,Navy,10,105.51,1055.17
207554,Moss,10,104.93,1041.17
207609,Moss,10,103.49,1034.95
119392,WhiMulti,10,102.14,1021.41
118424,Multi Yell,10,92.9,1016.91
116209,Chocolate,10,99.99,999.9
119332,Whit/Navy,10,99.99,999.9
207696,Milk,10,99.99,999.9
207696,Limestone,10,99.99,999.9
207694,Tan,10,99.41,994.18
118612,White,10,97.52,975.25
206909G1,Navy,10,97.39,973.96
207569,Ball Pt Bl,10,94.78,970.99
118406,Blue/Gree,10,95.99,959.9
207701,Cobalt,10,95.89,958.91
207491,Wash Black,10,93.74,924.9
207621,Malt,10,92.29,922.97
118629,Blue/Multi,10,98.67,904.16
207219,Navy,10,101.06,894.95
118158,Navy,10,89.09,890.99
119427,Tangerine,10,87.79,877.92
118690,Navy/Whit,10,86.39,863.96
118705,Navy/Whit,10,86.57,858.91
118514,White,10,84.79,847.92
119506,Black,10,77.52,812.34
207356,WhiMulti,10,80.81,808.12
116517G1,Navy/Whit,10,79.99,799.9
207493G1,Navy,10,79.99,799.9
207493G1,Charcoal,10,79.99,799.9
207641,Multi,10,79.59,795.94
207418,Navy,10,82.99,795.94
207377,Bluestone,10,79.41,794.16
207644,Sage,10,79.39,793.96
119459,Blue/Multi,10,79.21,792.16
207644,Ball Pt Bl,10,76.79,783.55
207356,Navy,10,77.99,779.92
118179,Apple,10,79.74,776.93
118930,Multi,10,77.69,776.93
118408,Pear,10,75.79,757.92
118981,Purp/Whit,10,77.16,745.94
SPKJAC0015,Pl Blue,10,73.09,730.99
118340,Lime,10,70.99,709.96
114852,Regatta,10,65.4,644.91
207386,Red Mel,10,60.24,642.16
207143,Teal,10,66.32,635.94
SPKDRS0055,Lilac,10,66.24,634.95
207637,Dutch Blue,10,56.46,619.57
207707,White/Teal,10,60.69,606.93
207135,Lagoon,10,59.99,599.9
207135G1,Cobalt,10,59.99,599.9
118517,Navy/Whit,10,58.99,587.9
115783,Black,10,64.04,578.25
118630,Purp/Whit,10,56.29,562.97
SPKDRS0053,Chambray,10,56.0,560.0
206750,Whit/Navy,10,55.79,557.92
118544,Emerald,10,55.19,551.98
206496,Black,10,53.79,537.92
118376,Navy/Whit,10,67.72,510.2
118517G2,Blue/White,10,47.01,470.14
SPKTP0108,Blue/Ivory,10,48.66,463.96
SPKBOT0039,Anti Blue,10,45.99,459.94
207402,Surf Blue,10,45.39,453.96
207135G1,Lilac,10,44.69,429.57
SPKBOT0035,Anti Blue,10,41.59,415.94
207615,Ball Pt Bl,10,41.0,410.0
207401,Navy,10,42.66,371.98
SPKTP0064,Red,10,36.09,360.99
SPKTP0106,Multi,10,34.79,347.97
118275,Black,10,33.29,332.97
SPKONS0060,Ivory,10,32.29,322.97
SPKTP0055,Blue/Multi,10,31.71,317.19
SPKBOT0040,Navy,10,31.09,310.99
SPKJAC0023,Caramel,10,29.0,290.0
SPKKNW0034,Navy/Ivory,10,29.0,290.0
SPKTP0059,Navy,10,25.62,256.2
SPKTP0059,White,10,25.22,255.99
SPKONS0036,Grey Strip,10,20.0,200.0
SPKTP0077,Mult Coral,10,19.11,191.0
SPKBOT0030,Seafoam,10,16.8,168.0
118583,Stone,9,386.89,3455.91
119210,Navy,9,375.35,3328.92
118907,Silver Mel,9,334.44,2978.92
118618,Navy,9,272.82,2750.73
119087,White,9,315.47,2621.25
118926,Dk Grey,9,237.85,2249.91
119357,Multi,9,238.45,2099.91
117724,Navy,9,229.77,2067.93
207530,Khaki,9,162.46,1842.98
118238,Tan,9,186.54,1678.92
119389,Blue/White,9,186.26,1648.92
119739,Black,9,176.43,1587.91
119770,Navy,9,175.43,1578.92
119262,Pink Multi,9,170.2,1554.69
118713,Blue Wash,9,169.99,1529.91
119410,WhiMulti,9,169.99,1529.91
119577,Whit/Blue,9,169.99,1529.91
118606,Blk/Multi,9,165.21,1486.94
119177,Berry,9,152.99,1376.94
118941,Blue/Gree,9,149.99,1349.91
118905,Navy/Whit,9,149.99,1349.91
119270,White,9,149.99,1349.91
119122,Khaki,9,149.99,1349.91
119407,Khaki,9,149.99,1349.91
207790,Khaki,9,149.99,1349.91
119186,Navy/Whit,9,143.32,1289.91
118771,Winter Wht,9,149.72,1286.94
118372,String,9,139.99,1259.91
119746,Indigo,9,139.99,1259.91
118782,Rosewood,9,155.33,1248.71
118413,Navy/Whit,9,137.43,1236.94
118379,White,9,126.17,1229.91
119245,Pink/White,9,136.1,1224.91
119089,Navy,9,142.22,1208.94
119504,Black,9,140.52,1207.93
118286,Brt Pink,9,132.76,1180.41
207733G1,Natural,9,129.99,1169.91
207562,Lt Blu Was,9,135.17,1166.94
115359,Plum,9,141.99,1165.95
116295,Orchid,9,128.54,1156.92
118642,Multi Whte,9,134.64,1150.43
119027,Navy/Ivory,9,122.17,1145.95
207303,Navy,9,126.1,1134.96
116295,Fern,9,119.54,1116.94
118497,Ivory/Navy,9,123.32,1109.93
207394,Blue,9,124.44,1108.92
206637,Storm Blue,9,131.22,1105.95
207511,Foliage,9,123.9,1102.92
118043,Navy/Whit,9,128.63,1074.96
207714,Milk,9,118.43,1065.91
206910G1,Malt,9,118.32,1064.96
118653,Green Mult,9,111.66,1010.28
118119,Whit/Green,9,111.99,1007.93
118629,Blue/Gree,9,111.77,1005.95
207742,ClassicNav,9,117.24,1004.23
207693,Fatigue,9,111.49,1003.48
118434,Navy,9,101.66,914.96
116209,Cerulean,9,99.99,899.91
207696,Dusty Blue,9,99.99,899.91
118119,Whit/Pink,9,99.44,894.96
207392,Lagoon,9,103.62,879.94
118216,White,9,87.29,874.91
207577,White,9,96.21,865.95
119233,Berry,9,95.43,858.92
207302,Blue,9,91.99,853.97
207752,Multi,9,94.88,853.97
113032,Cobalt,9,94.43,849.91
119196,Whit/Pink,9,94.43,849.91
207386,Delft Blue,9,93.21,838.92
207145,Ocean,9,93.1,837.93
207684,Dk Blue Me,9,91.44,822.98
207700,Navy,9,90.88,817.93
118263,White,9,99.45,813.97
207748,Tangerine,9,97.28,810.19
118632,Navy,9,89.99,809.91
206726,Mint,9,92.99,808.92
119032,Pl Blue,9,96.99,782.98
118652,Green Mult,9,94.33,777.67
118544G1,White,9,85.49,769.41
113032,Emerald,9,89.52,763.92
116209,Emerald,9,86.71,753.93
118729,Whit/Navy,9,83.43,750.92
118422,Navy/Whit,9,80.37,746.94
118155,Coast,9,81.99,737.98
119794,Navy Multi,9,79.1,711.91
206754,Lagoon,9,77.32,695.95
207623,Multi,9,74.91,674.19
207415,Navy,9,74.66,671.97
116209E,Natural,9,74.49,644.96
119427,White,9,70.7,636.35
SPKTP0104,Check,9,70.44,614.96
207364,Marine,9,62.83,598.92
207143,MountBlue,9,66.21,595.95
SPKJAC0016,Multi,9,79.18,591.0
118340,Brt Pink,9,64.9,584.17
118906,Peppermint,9,62.77,564.96
118152,Khaki,9,59.99,539.91
118931,Navy/Whit,9,59.33,533.97
207281,Navy,9,59.33,533.97
118376,Pale Lemon,9,61.62,531.99
207454,Multi,9,59.0,531.0
SPKBOT0073,Stone,9,58.32,524.96
SPKBOT0078,Almond,9,58.16,523.48
207409,Delft Blue,9,56.36,521.99
207135,Delft Blue,9,55.14,518.92
207135G1,Dk Khaki,9,56.32,506.92
206750G2,White/Teal,9,55.32,497.93
118399,Navy Multi,9,64.81,492.98
118633,Multi,9,54.1,486.98
SPKBOT0027,Bone,9,52.55,472.96
207143,Grey,9,59.76,456.92
119764,WhiMulti,9,50.66,455.95
SPKSLP0006,Multi,9,49.0,441.0
SPKBOT0024,Navy,9,52.17,433.96
118877,Cornflower,9,46.82,421.4
207527,Emerald,9,45.66,411.0
SPKBOT0026,Chestnut,9,45.32,407.89
SPKTP0121,Chambray,9,44.55,401.0
SPKBOT0048,Multi,9,40.44,363.97
SPKKNW0013,Navy,9,39.66,356.99
119250,Navy,9,39.33,353.97
SPKONS0027,Dusty Pink,9,35.66,321.0
SPKKNW0038,Age Blue,9,35.66,321.0
SPKBOT0043,Multi Whte,9,35.22,316.99
SPKTP0096,Green,9,34.55,311.0
SPKONS0038,Multi Whte,9,34.11,306.99
SPKTP0071,Aqua,9,31.9,292.98
SPKJAC0032,Age Blue,9,32.35,291.2
SPKTP0021,Ecru,9,30.11,271.0
SPKBOT0056,Mint,9,29.09,261.99
SPKTP0073,Multi,9,28.55,256.99
517781,Multi,9,50.15,251.99
517774,Multi,9,27.88,251.0
SPKTP0053,Blue,9,25.77,231.99
SPKKNW0025,Brown,9,22.8,205.2
SPKBOT0020,Blush,9,20.11,181.0
517773,Multi,9,19.0,171.0
119310,Multi,8,387.49,3099.92
118589,Navy/Camel,8,332.12,2521.26
119589,Belle Blue,8,243.74,1949.92
118649,Winter Wht,8,230.8,1846.43
119559,Grey Mel,8,229.99,1839.92
117823,Silver Mel,8,232.89,1828.93
117823,Navy,8,207.49,1808.93
118747,Wine,8,223.26,1786.14
119222,White Mult,8,220.24,1744.97
118741,Red,8,214.11,1712.93
118164,Navy,8,199.99,1599.92
118755,Latte,8,199.99,1599.92
118876,Whit/Navy,8,199.99,1599.92
119543,Whit/Pink,8,199.99,1599.92
119777,Navy Multi,8,199.99,1599.92
119399,String,8,199.99,1599.92
118737,Camel Mel,8,183.14,1573.46
119581,Multi,8,194.99,1559.92
119377,Multi,8,194.99,1559.92
207552,Biscuit,8,195.99,1559.92
118742,Navy,8,212.84,1528.49
207584,Khaki,8,177.39,1515.96
118969,Multi,8,186.11,1488.93
118374,Navy Multi,8,176.19,1463.98
207632,Navy,8,181.9,1455.23
118737,Dk Grey,8,175.51,1448.87
207379,Bnt Orange,8,168.09,1422.99
119813,Roseberry,8,169.99,1359.92
119038,Winter Wht,8,189.57,1354.97
118264,Blue/Multi,8,166.11,1328.93
118862,Her Blue,8,166.59,1325.92
119055,Tan,8,166.59,1325.92
119177,Milk,8,165.74,1308.93
117941,Winter Wht,8,158.24,1265.96
117980,Blue/Multi,8,155.86,1246.93
118982,Cognac,8,150.49,1203.93
118350,Multi,8,149.99,1199.92
119082,Khaki,8,149.99,1199.92
118983,Black,8,149.99,1199.92
119830,Pl Blue,8,149.99,1199.92
119831,Blue/Ivory,8,149.99,1199.92
119542,White,8,149.99,1199.92
119436,Navy,8,149.99,1199.92
118545,Emerald,8,149.0,1192.0
118160,Ivory,8,133.34,1175.43
115179,Emerald,8,147.31,1173.13
119248,Multi,8,145.05,1160.47
119549,Soft Pink,8,144.36,1154.92
115179,Hydrangea,8,143.61,1148.93
119266,Denim,8,141.72,1146.12
119509,Navy Multi,8,143.89,1138.93
207444,Navy,8,139.49,1115.96
119082,Milk,8,137.24,1097.94
116284,Pink,8,137.7,1089.94
206549,Steel Blue,8,144.49,1084.97
118388,Pink Multi,8,134.49,1075.96
116295,Cerulean,8,134.89,1068.93
119462,String,8,132.11,1056.92
116295,Emerald,8,131.24,1049.92
207504,Navy Multi,8,130.86,1046.95
207801,Navy,8,129.99,1039.92
207803,Natural,8,129.99,1039.92
118159,Melon,8,129.49,1035.95
207269,White,8,127.74,1017.42
118372,White,8,127.11,1016.93
207775,Grey Mel,8,126.74,1013.92
206911G1,Lake Blue,8,107.85,995.96
207303,Blue Mist,8,124.37,994.97
207444,Stone,8,121.08,979.17
118532,Cornflower,8,119.18,953.46
118036,Blue,8,107.85,944.97
207267,Navy,8,111.53,928.93
207464,Punch,8,116.79,907.94
118506,Red Multi,8,106.29,904.97
207730,Navy,8,110.86,886.95
207470,Royal Blue,8,110.68,885.44
118281,WhiMulti,8,110.43,883.46
119497,Blue/Multi,8,127.09,879.44
207551,Oatmeal,8,109.49,875.96
116295,Hydrangea,8,108.8,870.42
118682,Whit/Navy,8,108.05,864.42
117533,Turquoise,8,105.62,844.97
207424,Multi,8,99.39,835.96
207693,French Nvy,8,102.41,832.99
118984,White,8,103.12,824.97
118520,Blue/Multi,8,99.12,792.99
207269G1,Red,8,103.96,779.7
118711,White,8,96.36,770.95
118348,Ivory/Mult,8,94.99,759.92
700491,Tan,8,85.92,741.23
116295,Morc Blue,8,91.74,733.98
118913,Pink Multi,8,91.74,733.98
119427,Whit/Blue,8,87.16,727.94
119037,Navy,8,90.49,723.98
116209,Melon,8,89.86,718.93
207540,Navy Multi,8,87.99,703.98
207063,Charcoal,8,90.0,702.0
207551,Navy Mel,8,86.74,693.98
207491,Navy,8,86.11,688.93
118534,Navy Multi,8,93.82,687.19
118532,Navy,8,85.06,680.49
118364,Pink/White,8,84.8,676.95
118133,Whit/Green,8,84.36,674.95
207415,White,8,83.12,664.97
118444,White,8,82.61,660.93
116517G1,Navy,8,79.99,639.92
207517,Ball Pt Bl,8,83.22,632.25
118408,Belle Blue,8,77.36,618.93
118408,Hydrangea,8,76.81,614.51
118693,Red,8,76.49,611.98
207699,Spearmint,8,74.74,597.94
207706,Navy,8,85.16,592.36
207597,White,8,74.0,592.0
207532,Lake Blue,8,72.99,583.98
207143,Lagoon,8,72.24,577.94
118385,Multi Whte,8,79.49,574.97
118945,Red Multi,8,70.37,562.99
118838,Hazelnut,8,68.36,546.95
118340,Cobalt,8,68.12,544.97
207355,Blue/Multi,8,66.36,530.95
207616,Navy Multi,8,64.12,512.99
207281,Blue,8,63.24,505.96
207522,Blue/Multi,8,59.19,493.98
118689,Oatmea Mel,8,59.99,479.92
207620,Sky Blue,8,59.0,472.0
118152,Cobalt,8,57.99,463.94
SPKBOT0071,Pink,8,60.19,461.96
117241,Peppermint,8,57.36,458.93
207135,Black,8,57.36,458.93
118517,Whit/Pink,8,57.69,456.93
118120,Multi,8,55.87,446.99
118517G1,Khaki/Wht,8,55.79,446.32
116209E,ClassicNav,8,57.49,442.99
207364,Jungle,8,54.49,435.96
SPKBOT0072,Mid Wash,8,54.12,432.99
SPKDRS0054,Multi,8,62.42,424.3
118837,Azure,8,52.28,418.29
115522,Black,8,51.13,417.94
SPKBOT0024,Bone,8,52.23,417.86
207376,Heather,8,51.5,412.0
SPKBOT0070,Mid Wash,8,49.24,393.98
206549,Bluestone,8,48.46,387.75
118556,Green Mel,8,47.77,382.2
207281,Lagoon,8,46.62,372.99
206910,Charco Mel,8,46.5,372.0
118813,Camel/Mul,8,45.25,362.0
119234,WhiMulti,8,43.14,345.19
SPKTP0052,Multi,8,40.64,325.19
SPKTP0056,White,8,40.49,323.98
118275,White,8,38.24,305.96
SPKTP0102,Wht/Gr Mel,8,37.87,302.99
SPKTP0090,Multi,8,37.75,302.0
SPKDRS0026,Anti Blue,8,33.49,267.96
119250,Teal,8,33.42,262.99
SPKTP0032,Navy,8,31.5,252.0
SPKTP0051,Multi Whte,8,30.42,246.2
207519,Multi,8,28.27,226.2
SPKBOT0052,Caramel,8,27.75,222.0
SPKBOT0059,Aqua,8,24.0,192.0
SPKDRS0040,Caramel,8,22.75,182.0
SPKBOT0020,Navy,8,21.5,172.0
517803,Teal,8,19.0,152.0
SPKONS0041,Pink Multi,8,19.0,152.0
SPKTP0041,Ivory/Brow,8,16.75,134.0
SPKTP0017,Ivory/Toff,8,14.75,118.0
SPKTP0079,Caramel,8,12.0,96.0
118464,Multi,7,399.99,2799.93
118243,Multi Whte,7,356.99,2498.94
119221,Green Mult,7,299.99,2099.93
118742,Camel,7,286.56,1817.95
118744,Ice Blue,7,248.72,1817.95
118209,Whit/Green,7,249.99,1749.93
119795,Red Multi,7,249.99,1749.93
118315,Pinot,7,238.87,1649.93
118426,Cobalt,7,235.7,1649.93
119673,Navy,7,232.13,1624.93
118213,Ivory/Mult,7,230.55,1613.89
118649,Cerise,7,223.99,1567.95
118542,Baby Blue,7,223.41,1563.93
119219,Green Mult,7,204.31,1430.17
119034,Navy,7,199.99,1399.93
119781,Navy Multi,7,199.99,1399.93
119120,Cream/Navy,7,192.24,1392.17
207379,Olive,7,191.36,1388.99
118801,Blue/Multi,7,186.99,1308.94
119629,White,7,189.8,1287.93
206576,Misty Grey,7,179.99,1259.93
118876,Milk,7,179.7,1257.95
118718,Blue/Multi,7,141.34,1223.75
119209,Whit/Navy,7,185.99,1217.95
119109,White,7,150.77,1198.94
118982,Charcoal,7,169.99,1189.93
118876,Grey Mel,7,176.32,1186.96
118987,Grey Marle,7,173.43,1180.94
118257,Whit/Green,7,168.13,1176.94
119417,Blue/Multi,7,166.38,1164.71
119675,Khaki,7,177.99,1157.95
119675,White,7,173.1,1157.95
207632,Green Mel,7,165.42,1157.95
119676,White,7,163.91,1147.43
119488,Tan,7,159.99,1119.93
118562,Navy,7,156.99,1098.94
118863,Indigo,7,155.17,1086.23
119450,White,7,149.99,1049.93
119407,Orchid,7,149.99,1049.93
117655,Pink Multi,7,149.0,1043.0
118319,Bone,7,143.99,1007.95
118535,Candy,7,143.85,1006.96
118188,Navy/Ivory,7,142.42,996.94
117399,Emerald,7,139.99,979.93
118360,Navy/Whit,7,139.99,979.93
117533,Blossom,7,139.84,978.94
119436,White,7,143.53,978.94
119404,Whit/Navy,7,131.99,969.93
117580,White,7,136.7,956.96
119043,Mid Wash,7,119.44,956.96
119237,Blue/Multi,7,137.29,944.93
207757,WhiMulti,7,136.1,944.93
115179,Lt Olive,7,132.7,928.94
116295,Brt Pink,7,131.27,918.94
118372,Cove Blu,7,131.27,918.94
119113,Denim,7,129.99,909.93
119355,Celery,7,129.99,909.93
119626,White,7,129.99,909.93
118285,Melon,7,129.7,907.95
118412,Ivory/Mult,7,129.7,907.95
119082,ClassicNav,7,122.88,907.95
118446,Blue/White,7,133.99,905.93
118699,Blue/Multi,7,143.88,894.98
119355,Peacock,7,127.1,883.93
207496,Marine Blu,7,124.41,870.93
207684,Pink Mel,7,124.13,868.94
115358,Coast,7,122.56,857.93
207472,Nautical,7,123.21,848.94
207613,Oatmeal,7,120.71,844.98
118390,Red Multi,7,130.55,834.98
118498,Navy,7,118.42,828.94
206911G1,Bnt Orange,7,119.09,812.28
118612,Cornflower,7,107.47,764.25
207268G1,Punch,7,110.99,758.94
118819,Purp/Whit,7,98.91,752.19
207332,White,7,106.49,717.97
207611,White,7,101.75,712.27
118258,Ivory/Mult,7,99.99,699.93
207744,Navy,7,99.99,699.93
207705,Blue/Multi,7,99.99,699.93
113032,Tan,7,92.65,683.94
119442,Whit/Kha,7,97.49,679.93
118016,Navy,7,95.28,666.96
118016,Sage,7,92.28,645.97
118904,Multi Whte,7,89.13,623.94
116209,Reef,7,85.56,598.95
116209,Red,7,74.36,571.3
116517G1,White,7,79.99,559.93
207493G1,Black,7,79.99,559.93
207493G1,White,7,79.99,559.93
118263,Regatta,7,79.14,553.99
118407,Emerald,7,77.7,543.93
117610,Blossom,7,77.13,539.93
207510,Dutch Blue,7,72.33,533.0
115671,Navy,7,75.41,527.93
118529,Navy,7,73.17,512.19
118110,Multi Whte,7,66.1,496.94
119444,Cerulean,7,70.85,495.97
SPKJAC0021,Sand,7,67.99,475.97
SPKONS0080,Stone,7,64.77,464.98
118670,Navy,7,67.88,450.96
SPKONS0067,Mid Wash,7,63.71,445.97
118544,Teal,7,62.42,436.98
206908,Ink Mel,7,60.99,426.96
SPKKNW0037,Blue/Multi,7,60.99,426.96
118837,White,7,58.1,424.98
118698,Blue Wash,7,71.08,423.99
207340,Indigo,7,56.36,423.99
207363,Stone,7,59.87,419.1
207400,Navy Multi,7,74.42,418.7
118155,Apple,7,59.0,413.0
119335,Charco Mel,7,58.89,412.27
118845,Navy/Whit,7,58.27,407.93
118838,Black,7,57.85,404.98
207494,Jungle,7,57.85,404.98
118517,White/Teal,7,55.28,386.96
118685,White,7,62.66,383.99
118837,Navy,7,54.85,383.99
118837,Candy,7,54.85,383.99
115775,Navy,7,61.22,373.0
207333,Malt,7,51.85,363.0
207333,Navy,7,50.66,363.0
117256,Pink/White,7,54.35,357.95
207330,Pine,7,44.71,313.0
SPKTPO112,Lilac,7,40.57,283.99
SPKONS0039,Blue/Multi,7,39.85,278.99
SPKONS0069,Pink,7,41.66,274.98
SPKTP0050,White,7,37.99,265.97
207307,Navy,7,36.14,253.0
SPKTP0103,Wht/Gr Mel,7,33.88,246.96
700485,Black,7,34.71,243.0
SPKONS0060,Rose Quart,7,33.71,235.97
119250,White,7,33.42,233.99
SPKJAC0007,Sage,7,31.85,223.0
SPKBOT0041,Multi Whte,7,30.42,213.0
SPKACS0009,Red/White,7,30.19,208.99
700483,Olive,7,29.0,203.0
SPKJAC0029,Almond,7,29.0,203.0
SPKKNW0007,Ivory/Toff,7,29.0,203.0
SPKKNW0035,Sage,7,29.0,203.0
SPKBOT0020,Toffee,7,28.58,200.1
SPKKNW0004,Ivory,7,28.17,197.2
SPKTP0068,Caramel,7,27.57,193.0
SPKKNW0006,Navy,7,26.14,183.0
SPKTP0022,Multi,7,26.14,183.0
SPKTP0070,Pl Blue,7,23.28,163.0
SPKBOT0031,Pink/Brow,7,20.74,145.19
SPKBOT0031,Sunburst,7,19.0,133.0
SPKBOT0030,Ivory,7,18.0,126.0
SPKBOT0029,Seafoam,7,16.85,118.0
207590,Navy,6,499.99,2999.94
119210,Pearl,6,337.26,1898.16
119738,Black,6,287.49,1724.94
118664,Sapphire,6,284.49,1706.97
207743,Stone,6,250.71,1504.3
118680,Multi,6,249.99,1499.94
119582,Navy Multi,6,249.99,1499.94
118466,Multi,6,241.65,1449.94
118530,Navy,6,229.99,1379.94
118649,Denim,6,219.66,1317.96
118876,Camel Mel,6,199.99,1199.94
118352,Multi,6,194.99,1159.94
118715,Blue/Multi,6,191.65,1149.94
119796,Orange/Wht,6,192.49,1139.94
118752,Navy/Whit,6,191.11,1128.95
119739,Navy,6,193.99,1127.94
118212,Ivory/Mult,6,189.99,1119.94
118650,Multi,6,184.82,1108.95
118736,Winter Wht,6,195.58,1104.72
118649,Sapphire,6,208.82,1088.28
119433,Blue/Multi,6,184.99,1079.94
118145,Multi Whte,6,172.49,1034.94
115359,Avocado,6,169.99,1019.94
119805,White,6,169.99,1019.94
119578,Belle Blue,6,169.99,1019.94
118261,Blue/Multi,6,169.82,1018.95
119034,Azure,6,164.49,986.97
118631,White,6,153.61,938.16
119408,Yellow,6,156.32,937.95
119325,Pl Blue,6,155.82,934.95
119676,Navy,6,157.24,917.94
119450,Navy,6,149.99,899.94
119515,WhiMulti,6,149.99,899.94
119510,Tan/White,6,154.74,897.96
206531,Steel Blue,6,144.49,866.97
118602,Denim,6,143.74,862.44
119278,Khaki,6,143.74,862.44
118592,Cobalt,6,143.7,862.2
119595,Whit/Blue,6,144.36,854.94
118193,Blue/White,6,140.32,841.96
118286,Emerald,6,139.99,839.94
119588,Chambray,6,139.99,839.94
118909,Navy/Whit,6,122.24,819.94
119388,Navy/Whit,6,144.49,815.98
119487,Tan,6,141.31,813.15
207806,Fig,6,129.99,779.94
517765,Black,6,129.99,779.94
517765,Ivory,6,129.99,779.94
207573,Grey Mel,6,129.49,776.97
118210,Whit/Green,6,115.24,763.95
207795,Navy,6,129.86,758.95
119122,Orange,6,132.24,757.96
119176,Navy,6,124.66,747.96
118214,White,6,122.66,735.98
119656,Whit/Pink,6,119.99,719.94
118817,Blue/White,6,126.51,712.16
118336,White,6,117.82,706.97
115817,Mid Wash,6,109.59,697.96
118036,Campari,6,106.74,695.98
207556,Dk Grey,6,117.39,695.98
207780,Blue/Multi,6,110.87,665.25
115179,Cobalt,6,109.66,657.96
118770,Navy/Whit,6,109.19,655.19
119089,White,6,121.87,654.99
119356,Peacock,6,113.05,644.45
207760,Navy Multi,6,104.12,634.99
118434,Raspberry,6,115.86,626.97
207489,Multi Whte,6,110.68,625.46
116295,Melon,6,101.99,611.97
117724,Lagoon,6,112.42,608.2
118908,Navy/Whit,6,99.99,599.94
207744,Elm,6,99.99,599.94
207477,Lagoon,6,99.49,596.97
207322,Lt Taupe,6,99.0,594.0
SPKDRS0030,Anti Blue,6,96.32,577.96
207428,Multi,6,94.16,564.99
119702,Tan,6,93.15,558.95
517757,Navy Multi,6,91.66,549.96
206909G1,Black,6,88.49,530.99
207425,Delft Blue,6,97.34,518.78
119702,White,6,86.32,517.96
207491,Hessian,6,89.36,514.94
118444,Navy,6,86.61,512.94
207566,Dk Grey,6,85.0,504.0
118379,Pink,6,82.33,494.0
207699,Smoke Blue,6,79.99,479.94
207515,Lilac,6,79.33,475.98
119776,Tan,6,77.99,463.94
115775,Black,6,79.0,454.0
207452,White,6,75.66,453.98
207399,Red Multi,6,72.86,450.69
118407,Brt Pink,6,75.99,447.94
118551,Lagoon,6,74.49,446.97
117134,White,6,73.24,439.47
207118,Sky Blue,6,69.49,416.97
SPKJAC0035,Pink,6,67.49,404.99
SPKJAC0027,Brown,6,65.83,394.99
207637,Grapefruit,6,63.54,381.28
206576,Bluestone,6,59.0,354.0
207345,Multi,6,59.0,354.0
118845,Tan/White,6,57.99,347.94
207135,White,6,56.49,338.95
118152,Tan,6,55.36,332.16
118917,Navy Multi,6,54.19,325.19
117256,Purp/Whit,6,53.99,323.95
SPKTP0076,Aqua,6,53.32,319.96
SPKTP0054,Multi Whte,6,53.99,301.97
517725,Utility,6,49.99,299.94
SPKTOY0018,Multi,6,49.95,299.7
207589,Blue/Multi,6,44.46,297.74
117644,Blue,6,49.0,294.0
118067,Navy,6,49.0,294.0
118483,Raspberry,6,49.0,294.0
207363,Smoke Blue,6,54.0,294.0
206909,Black,6,46.87,269.1
118336,Red,6,42.33,254.0
SPKTP0100,Green,6,42.33,254.0
SPKONS0020,Chambray,6,42.33,254.0
SPKONS0063,WhiMulti,6,43.12,244.99
SPKONS0030,Ivory,6,37.21,223.29
SPKJAC0024,Mauve,6,35.66,214.0
SPKTP0049,Blue/Multi,6,30.83,184.99
SPKTP0060,Multi,6,30.03,180.18
SPKBOT0057,Aqua,6,29.59,179.99
207319,Grey,6,29.0,174.0
700484,Natural,6,29.0,174.0
SPKJAC0007,Navy,6,29.0,174.0
SPKJAC0018,Ivory,6,29.0,174.0
SPKKNW0025,Blush,6,29.0,174.0
SPKONS0059,Pink/Brow,6,25.99,155.98
207349,Heather,6,22.33,134.0
207116,Ocean,6,19.0,114.0
SPKBOT0030,Dusty Pink,6,19.0,114.0
118763,Red,5,486.83,2328.96
119574,Blue,5,382.84,1879.95
118198,Green Mult,5,325.79,1628.96
119213,Navy,5,244.9,1499.95
119738,Navy,5,299.99,1499.95
118457,White,5,210.33,1256.98
119201,Navy/Whit,5,249.99,1249.95
119211,Pearl,5,249.99,1249.95
119320,String,5,213.85,1158.96
118530,Dusty Pink,5,218.49,1092.45
118552,Navy,5,199.99,999.95
118876,Belle Blue,5,199.99,999.95
119602,Multi,5,199.99,999.95
119552,Belle Blue,5,199.99,999.95
118467,White,5,191.99,959.95
117720,Roseberry,5,187.99,939.95
118215,White,5,179.79,898.96
115357,ClassicNav,5,169.99,849.95
119813,White,5,169.99,849.95
119533,Indigo,5,169.99,849.95
119783,Indigo,5,169.99,849.95
118806,Tan,5,157.0,785.0
118895,Sand,5,155.63,778.17
118295,Navy/Whit,5,151.79,758.96
207810,Olive,5,149.99,749.95
207810,French Nvy,5,149.99,749.95
207573,Sky Blue,5,143.39,716.96
118159,Turquoise,5,143.29,716.46
118532,Stripe,5,133.59,667.97
115453,Candy,5,133.39,666.98
119826,White,5,129.99,649.95
207819,Lt Grey,5,129.99,649.95
118716,Navy/Whit,5,135.56,648.96
118903,Multi Whte,5,120.21,643.96
119605,Blue/Multi,5,126.7,626.95
207268G1,Chambray,5,119.99,599.95
517741,Navy Multi,5,119.99,599.95
207726,White Mult,5,119.79,598.96
207650,Navy,5,142.28,595.99
118372,Celery,5,122.56,577.97
119500,Pink Multi,5,109.99,549.95
207496,Pebble,5,109.59,547.97
206637,Brown,5,109.19,545.99
207524,Navy Multi,5,107.39,536.98
115881,Deep Indig,5,100.59,502.97
700498,Navy,5,99.99,499.95
118156,Terracotta,5,110.99,496.98
SPKJAC0005,Stone,5,98.07,490.37
207395,Red Multi,5,92.14,486.98
118043,Ivory/Red,5,97.19,485.99
207465,Melon,5,97.19,485.99
118693,White,5,95.39,476.98
118252,Multi Whte,5,92.39,461.97
119702,Khaki,5,95.43,458.96
118529,Cerise,5,89.19,445.99
113032,Khaki,5,87.79,438.96
207101,Navy,5,90.42,435.0
517738,Green,5,85.0,425.0
118668,Blue/White,5,81.79,408.96
SPKBOT0016,Denim,5,81.79,408.96
115356,Cappuccino,5,81.19,405.99
206549,Slate,5,79.0,395.0
118670,White,5,73.79,368.96
118670,Violet,5,73.79,368.96
118111,Blue/White,5,64.42,352.96
207210,Lt Wash,5,69.0,345.0
119763,Orange/Wht,5,67.59,337.97
118685,Raspberry,5,65.39,326.98
117610,Red,5,64.59,322.98
117929,Camel,5,59.0,295.0
207135G1,Lapis,5,56.99,278.96
207330,Royal Blue,5,55.0,275.0
118916,Lagoon,5,51.71,258.55
118067,Blue,5,49.0,245.0
207353,Ocean,5,49.0,245.0
207144,Dijon,5,47.46,237.3
206911,Charco Mel,5,47.0,235.0
SPKTOY0027,Beige,5,42.95,214.75
700483,Tan,5,41.0,205.0
SPKJAC0030,Tan,5,37.57,205.0
207281,Seaweed,5,39.0,195.0
207303,Oatmeal,5,41.85,195.0
207364,Malt,5,39.0,195.0
207435,Crimson,5,39.0,195.0
207296,Red Plum,5,39.0,195.0
207296,MountBlue,5,39.0,195.0
207337,Navy,5,39.0,195.0
207337,White,5,39.0,195.0
119250,Yellow,5,34.16,175.99
207308,Multi,5,35.0,175.0
SPKTP0101,Green,5,33.0,165.0
SPKACS0019,Multi,5,31.39,156.98
SPKKNW0001,Blush,5,31.0,155.0
SPKKNW0004,Navy,5,31.0,155.0
SPKTP0091,Multi,5,31.0,155.0
SPKKNW0018,Mauve,5,31.0,155.0
115522,Navy,5,29.0,145.0
SPKJAC0020,Multi,5,29.0,145.0
SPKDRS0015,Seafoam,5,29.0,145.0
SPKBOT0074,Multi,5,29.0,145.0
SPKKNW0022,Ivory,5,29.0,145.0
SPKONS0043,Pink Multi,5,21.84,109.2
207451,Multi,5,19.0,95.0
SPKBOT0031,Pink Multi,5,18.45,91.2
SPKBOT0029,Ivory,5,17.6,88.0
SPKTP0040,Ivory/Brow,5,17.6,88.0
SPKTP0099,Ivory/Brow,5,17.4,87.0
SPKTP0098,Anti White,5,15.0,75.0
SPKONS0016,Ivory/Toff,5,15.0,75.0
SPKTP0097,Lt Olive,5,14.4,72.0
517780,Multi,5,11.4,57.02
207586,French Nvy,4,349.49,1397.98
119220,Green Mult,4,299.99,1199.96
119868,Avocado,4,229.99,919.96
117989,Navy,4,224.24,896.99
118359,Navy/Whit,4,199.99,799.96
118876,Pink Mel,4,199.99,799.96
119820,Navy Multi,4,199.99,799.96
119852,Pink Multi,4,199.99,799.96
119513,Navy Multi,4,199.99,799.96
119529,Navy,4,199.99,799.96
207380,Brown,4,179.0,716.0
119055,Viola,4,169.99,679.96
118864,White,4,126.49,608.97
119800,Viola,4,149.99,599.96
119549,Navy,4,149.99,599.96
119549,Silver Mel,4,149.99,599.96
207809,Dk Khaki,4,149.99,599.96
115359,Regatta,4,147.24,588.97
207810,Black,4,144.99,569.96
207810,Limestone,4,144.99,569.96
118866,Blue/Multi,4,220.02,560.2
117399,Brt Pink,4,139.99,559.96
207269,Navy,4,132.49,529.96
118405,Whit/Green,4,130.61,522.46
207110,Roy Purple,4,129.99,519.96
207348,Multi,4,129.99,519.96
207775,Dk Purple,4,129.99,519.96
118398,Navy Multi,4,124.24,496.99
116295,Cobalt,4,124.24,496.96
207803,Smoke Blue,4,123.99,483.96
119778,Green,4,119.99,479.96
119819,Navy Multi,4,119.99,479.96
207352,White,4,121.49,468.97
207264,Indigo,4,123.52,461.17
119557,White,4,110.54,442.18
207472,Punch,4,109.74,438.97
119475,White,4,119.66,437.98
207587,Indigo/Whi,4,106.99,427.98
517783,Chocolate,4,99.99,399.96
517766,Tan,4,99.99,399.96
517727,Pink Multi,4,99.49,397.98
119175,Ecru,4,99.0,396.0
207650,Ecru,4,99.0,396.0
115880,Black,4,97.62,390.48
118899,Multi Whte,4,94.24,376.99
117893,Brick,4,94.0,376.0
118444,String,4,89.99,359.96
SPKJAC0015,Beige,4,89.82,359.29
517757,Pink Multi,4,88.74,354.99
517733,Multi,4,86.74,346.99
118391,Red Multi,4,89.66,317.98
115359E,Black,4,79.0,316.0
118130,Multi Whte,4,72.24,288.97
115783,Navy,4,66.55,266.2
118838,Salsa,4,64.49,257.98
116637,Sand,4,55.66,256.0
207143,Oatmeal,4,62.99,251.98
118401,Blue/Multi,4,61.99,247.98
206911,Black,4,61.5,246.0
119697,White,4,59.99,239.96
118101,Apple,4,63.15,238.97
SPKJAC0025,Multi,4,59.0,236.0
206638,Navy,4,54.24,216.99
207362,Navy,4,54.0,216.0
207347,Multi,4,54.0,216.0
700520,Pink,4,49.99,199.96
700504,Red,4,49.99,199.96
700504,Tan,4,49.99,199.96
700504,Navy,4,49.99,199.96
700504,Forest,4,49.99,199.96
700504,Brt Blue,4,49.99,199.96
700504,Whit/Navy,4,49.99,199.96
700496,Navy,4,49.99,199.96
SPKJAC0006,Toffee,4,49.0,196.0
118444,Violet,4,48.03,190.19
BOOK5,Multi,4,44.74,178.97
SPKTP0105,Check,4,44.49,177.98
207342,Vint Wash,4,44.0,176.0
700496,Sage,4,39.49,157.98
206935,Crimson,4,39.0,156.0
207299,Gold,4,39.0,156.0
207110,Orange,4,38.43,153.75
SPKJAC0031,Almond,4,36.5,146.0
SPKONS0030,Lt Blue,4,36.5,146.0
SPKJAC0022,Ivory,4,31.55,126.2
SPKDRS0021,Toffee,4,31.5,126.0
SPKONS0027,Ivory,4,31.5,126.0
700484,Black,4,29.0,116.0
700496,Charco Mel,4,29.0,116.0
SPKDRS0057,Ivory,4,26.5,106.0
SPKBOT0018,Multi,4,26.5,106.0
SPKKNW0030,Pink Multi,4,24.0,96.0
SPKBOT0075,Multi,4,21.5,86.0
SPKBOT0060,Caramel,4,19.0,76.0
SPKTP0072,Caramel,4,16.25,65.0
SPKKNW0040,Age Blue,4,15.0,60.0
SPKKNW0023,Ivory,4,15.0,60.0
SPKONS0023,Ivory/Navy,4,14.5,58.0
207808,Raw Wash,3,249.99,749.97
119562,Navy/Whit,3,239.99,699.97
119802,Grey Mel,3,229.99,689.97
119771,Winter Wht,3,216.19,620.97
119580,Tan,3,199.99,599.97
119612,White,3,199.99,599.97
118215,Pinot,3,153.59,569.97
118117,Blue/Multi,3,183.99,519.97
119811,Milk,3,162.43,509.97
119537,Silver,3,169.99,509.97
119556,Navy,3,196.43,482.19
206549,Khaki,3,159.99,479.97
207732,Ind Wash,3,159.99,479.97
119122,Whit/Navy,3,149.99,449.97
207692,Khaki,3,149.99,449.97
207805,Lapis,3,161.79,448.97
207388,Navy,3,149.0,447.0
119162,Green Mult,3,145.06,435.18
119404,Tan,3,139.99,419.97
207797,Khaki,3,129.99,389.97
517763,Natural,3,129.0,387.0
119404,Peacock,3,115.39,378.98
207856,WhiMulti,3,121.32,363.97
119663,Khaki/Wht,3,119.99,359.97
517748,Green,3,119.99,359.97
117533,Sage,3,119.66,358.98
117930,Ivory,3,115.66,347.0
207408,Blue/Multi,3,112.99,338.98
206549,Coffee,3,99.19,337.99
207322,Navy,3,105.66,317.0
119444,Navy/Whit,3,99.99,299.97
700498,Chocolate,3,99.99,299.97
517703,Navy,3,99.99,299.97
517738,Black/Ivo,3,96.66,289.99
517741,Multi,3,92.66,277.99
517751,Brown,3,85.0,255.0
207699,Fig,3,79.99,239.97
117929,Navy,3,79.0,237.0
115359E,ClassicNav,3,79.0,237.0
517788,Multi,3,79.0,237.0
118646,Red/White,3,73.73,221.2
SPKBOT0077,Stone,3,75.79,218.98
117893,Green,3,72.33,217.0
206549,Lagoon,3,69.0,207.0
207362,Camel,3,69.0,207.0
206638,White,3,59.49,188.98
119697,Navy,3,59.99,179.97
206779,Navy,3,55.19,177.99
207303,MountBlue,3,59.0,177.0
207253,Multi,3,59.0,177.0
207244,Flamingo,3,59.0,177.0
206549,Age Blue,3,57.48,169.4
207831,Grey Mel,3,55.99,167.97
SPKTOY0028,Multi,3,54.95,164.85
207047,Charcoal,3,55.0,157.0
207339,Multi,3,52.33,157.0
700495,Navy,3,49.99,149.97
SPKTOY0029,Multi,3,49.95,149.85
117731,Navy,3,49.0,147.0
206549,Almond,3,45.66,137.0
517764,Natural,3,67.19,136.01
700495,Sage,3,42.99,128.98
700495,Bnt Orange,3,42.99,128.98
700495,Charco Mel,3,42.99,128.98
700496,Brt Blue,3,42.99,128.98
114934G1,Black,3,39.0,117.0
207231,Limestone,3,39.0,117.0
207364,Blue,3,39.0,117.0
207336,Rinse Wsh,3,39.0,117.0
207346,Multi,3,39.0,117.0
SPKONS0030,Rose Quart,3,39.0,117.0
SPKJAC0028,Multi,3,32.33,97.0
SPKKNW0031,Age Blue,3,29.0,87.0
SPKONS0057,Aqua,3,25.99,77.99
207312,MountBlue,3,25.66,77.0
SPKKNW0001,Seafoam,3,25.66,77.0
SPKTP0094,Green,3,25.66,77.0
517805,Navy,3,22.66,67.99
SPKBOT0022,Ecru,3,22.33,67.0
SPKTP0027,Burgundy,3,22.33,67.0
517824,Multi,3,19.99,59.97
SPKBOT0031,Aqua,3,19.0,57.0
SPKBOT0029,Dusty Pink,3,16.66,50.0
SPKBOT0049,Snow,3,16.66,50.0
SPKBOT0047,Snow,3,15.33,46.0
SPKTP0040,Ecru/blue,3,15.0,45.0
SPKTP0042,Caramel,3,15.0,45.0
SPKTP0017,Whit/Red,3,15.0,45.0
SPKTP0016,Ivory/Navy,3,14.0,42.0
700494,Brown,2,499.99,999.98
119110,Stone,2,449.99,899.98
118583,Navy,2,399.99,799.98
119643,Khaki,2,399.99,799.98
119574,Tan,2,399.99,799.98
207586,Limestone,2,349.49,698.99
118202,Terracotta,2,314.74,518.99
119649,Gold,2,249.99,499.98
119802,Soft Lilac,2,229.99,459.98
119441,Whit/Kha,2,149.86,400.97
118058,Blue/Ivory,2,199.99,399.98
119791,Grey,2,199.99,399.98
119565,Winter Wht,2,199.99,399.98
207852,Navy,2,179.99,359.98
115359,Apple,2,169.99,339.98
119534,Dk Wash,2,169.99,339.98
207828,Black,2,159.99,319.98
118988,Navy Multi,2,159.0,318.0
119664,Navy/Whit,2,149.99,299.98
207692,Navy,2,149.99,299.98
119404,Navy,2,139.99,279.98
115453E,Navy Multi,2,139.49,278.99
113630,White,2,129.99,259.98
207815,Indigo,2,129.99,259.98
115357,Black,2,127.99,255.98
115359,Dk Khaki,2,124.49,248.99
117930,Rose Quart,2,124.0,248.0
517792,Red Multi,2,119.99,239.98
517793,Multi,2,119.99,239.98
517755,Pink Multi,2,119.99,239.98
517785,Navy/Ivory,2,119.99,239.98
517748,Multi,2,119.99,239.98
517799,Red,2,119.99,239.98
517799,Tan,2,119.99,239.98
517799,ClassicNav,2,119.99,239.98
207379,Black,2,119.0,238.0
118710,Navy,2,109.0,218.0
118988,Lavender,2,229.24,217.01
517791,Multi,2,102.49,204.99
517785,Ivory/Navy,2,102.49,204.99
119444,White,2,99.99,199.98
119668,Navy,2,99.99,199.98
517703,Khaki,2,99.99,199.98
517798,Ecru/Navy,2,99.99,199.98
207470,Punch,2,114.74,198.99
517769,Blue Mel,2,99.49,198.99
118003,Green Mult,2,99.0,198.0
115357E,Black,2,99.0,198.0
517732,Green,2,99.0,198.0
118291,Navy/Whit,2,89.99,179.98
118975,Navy,2,89.99,179.98
118975,Grey Mel,2,89.99,179.98
SPKTOY0019,Multi,2,89.95,179.9
206675,Musk,2,89.1,178.2
115357E,Latte,2,79.0,158.0
118985,Cognac,2,89.0,158.0
207027,White,2,79.0,158.0
517770,Ivory,2,79.0,158.0
517770,Blue Mel,2,79.0,158.0
517770,Grey Mel,2,79.0,158.0
517769,Ivory,2,79.0,158.0
517769,Grey Mel,2,79.0,158.0
115930,Black,2,59.99,119.98
114934,Navy,2,64.0,118.0
207112,Lt Blu Was,2,59.0,118.0
207283,Blue,2,59.0,118.0
207438,Navy,2,59.0,118.0
SPKDRS0046,Navy/Whit,2,59.0,118.0
118017,Black,2,54.49,108.99
700504,White,2,49.99,99.98
207490,WhiMulti,2,49.0,98.0
206911,Red Plum,2,49.0,98.0
207347,Blue/Multi,2,49.0,98.0
SPKTOY0026,Beige,2,45.95,91.9
207110,Seaweed,2,46.5,88.0
SPKTOY0021,Yellow,2,42.95,85.9
114934G1,Navy,2,39.0,78.0
207143,Lemon,2,39.0,78.0
207305,Navy/Camel,2,39.0,78.0
206935,Green,2,39.0,78.0
207318,Navy,2,39.0,78.0
207318,Wheat,2,39.0,78.0
207349,Bay Blue,2,39.0,78.0
700485,Chocolate,2,39.0,78.0
SPKONS0027,Lt Blue,2,39.0,78.0
207218,Sand,2,37.05,74.1
SPKMAN0001,Pink/Brow,2,34.99,69.99
SPKTP0032,Mustard,2,34.0,68.0
115453,Emerald,2,101.74,67.01
BOOK2,Multi,2,29.0,58.0
BOOK4,Multi,2,29.0,58.0
SPKKNW0006,Emerald,2,29.0,58.0
SPKKNW0006,Mustard,2,29.0,58.0
SPKONS0025,Chestnut,2,29.0,58.0
SPKKNW0038,Coconut,2,29.0,58.0
SPKMAN0001,Aqua,2,25.0,50.0
SPKTOY0003,Wood,2,24.99,49.98
SPKKNW0002,Ivory,2,24.0,48.0
SPKONS0043,Aqua,2,24.0,48.0
SPKBK0007,Multi,2,20.99,41.99
207116,Navy,2,19.0,38.0
517805,Teal,2,19.0,38.0
SPKBOT0055,Caramel,2,19.0,38.0
SPKONS0013,Ivory/Navy,2,19.0,38.0
SPKONS0059,Sunburst,2,19.0,38.0
SPKTP0042,Ivory,2,15.5,31.0
SPKACS0001,Multi,2,15.0,30.0
SPKTP0042,Rose Quart,2,15.0,30.0
SPKTP0095,Anti White,2,15.0,30.0
SPKONS0027,Seafoam,2,15.0,30.0
SPKONS0014,Ivory/Navy,2,12.0,24.0
517643,Blue,2,9.99,19.98
119622,Navy,1,369.99,369.99
119724,Midnight,1,299.99,299.99
119644,Canvas,1,299.99,299.99
119562,Whit/Navy,1,249.99,249.99
119849,Mink,1,249.99,249.99
117084,Black,1,249.0,249.0
117720,Navy/Whit,1,199.99,199.99
118876,Viola,1,199.99,199.99
119714,Navy/Whit,1,199.99,199.99
119834,Ivory/Brow,1,199.99,199.99
119554,Grape,1,199.99,199.99
700509,Khaki,1,199.99,199.99
SPKTOY0023,Pink,1,199.95,199.95
117083,Black,1,199.0,199.0
118754,Chocolate,1,199.0,199.0
207852,Bark,1,179.99,179.99
207805,Navy,1,179.99,179.99
207805,Truffle,1,179.99,179.99
207273,Navy,1,179.0,179.0
117176,Blue Wash,1,169.99,169.99
115359,Wine,1,169.99,169.99
119043,Lt Wash,1,169.99,169.99
119585,Multi Navy,1,169.99,169.99
119856,Lt Wash,1,169.99,169.99
119583,Navy Multi,1,159.99,159.99
207781,Navy,1,159.99,159.99
207827,Ice Blue,1,159.99,159.99
207827,Charco Mel,1,159.99,159.99
207828,Navy,1,159.99,159.99
118735,Red,1,159.0,159.0
114540,Dk Wash,1,149.99,149.99
112740,Bone,1,149.99,149.99
112740,ClassicNav,1,149.99,149.99
115179E,ClassicNav,1,149.99,149.99
119610,Gold,1,149.99,149.99
119664,Whit/Navy,1,149.99,149.99
119837,Camel,1,149.99,149.99
119838,Blue/White,1,149.99,149.99
207810,Latte,1,149.99,149.99
117989,Sand,1,149.0,149.0
115359,Magenta,1,160.99,142.99
207028,Chambray,1,129.99,129.99
207853,Brown Mult,1,129.99,129.99
207844,Milk,1,129.99,129.99
207806,Cobalt,1,129.99,129.99
207797,Fig,1,129.99,129.99
207819,Navy,1,129.99,129.99
207819,Khaki,1,129.99,129.99
207799,Lt Wash,1,129.99,129.99
117826,Caramel,1,129.0,129.0
117826,Winter Wht,1,129.0,129.0
119655,Multi,1,119.99,119.99
207029,Chambray,1,119.99,119.99
517720,Pink Multi,1,119.99,119.99
517787,Navy,1,119.99,119.99
207823,Milk,1,109.99,109.99
700519,Navy,1,99.99,99.99
517703,Sage,1,99.99,99.99
517766,Black,1,99.99,99.99
117921,Oatmeal,1,99.0,99.0
117994,Navy,1,99.0,99.0
117843E,Navy Multi,1,99.0,99.0
207141,Black,1,99.0,99.0
207146,Navy,1,99.0,99.0
119832,Whit/Pink,1,89.99,89.99
119774,Ivory/Brow,1,89.99,89.99
119946,Wine,1,89.99,89.99
115775,Charcoal,1,89.0,89.0
119218,Silver,1,129.66,89.0
517746,Red Multi,1,85.0,85.0
517739,Navy/Ivory,1,85.0,85.0
119754,Wine,1,79.99,79.99
119754,Whit/Kha,1,79.99,79.99
117823,Winter Wht,1,192.99,79.0
115179,Bnt Orange,1,79.0,79.0
114540E,Mid Wash,1,79.0,79.0
116295E,ClassicNav,1,79.0,79.0
115357E,ClassicNav,1,79.0,79.0
118855,Check,1,79.0,79.0
118986,Chocolate,1,79.0,79.0
114934,Black,1,69.0,69.0
206637,Olive,1,69.0,69.0
206910,Navy,1,69.0,69.0
206496,White,1,59.99,59.99
206496,French Nvy,1,59.99,59.99
700602,Multi,1,59.99,59.99
117155,Mid Indigo,1,59.0,59.0
115569,Putty,1,59.0,59.0
206576,Forest,1,59.0,59.0
206637,Pine,1,59.0,59.0
207282,Blue,1,59.0,59.0
207286,Indigo,1,59.0,59.0
700504,Grey,1,49.99,49.99
700505,Lt Indigo,1,49.99,49.99
114952,Stone,1,49.0,49.0
115684,White,1,49.0,49.0
118059,Sand,1,49.0,49.0
117610E,Navy/Whit,1,49.0,49.0
114852E,White,1,49.0,49.0
206637,Glacier,1,49.0,49.0
207280,Navy,1,49.0,49.0
SPKDRS0034,Mustard Mu,1,49.0,49.0
SPKBOT0053,Blue/Multi,1,49.0,49.0
SPKMAN0001,Pink Multi,1,44.99,44.99
SPKTOY0010,Brown,1,44.99,44.99
117134,Pink,1,39.0,39.0
206865,Vint Wash,1,39.0,39.0
206578,Oatmeal,1,39.0,39.0
206578,MountBlue,1,39.0,39.0
206779,Malt,1,39.0,39.0
207140,Wash Black,1,52.33,39.0
207290,Multi,1,39.0,39.0
206911,Navy,1,39.0,39.0
206911,Grass,1,39.0,39.0
207343,Multi,1,39.0,39.0
207435,Navy,1,39.0,39.0
207375,Multi,1,39.0,39.0
207287,Blue,1,39.0,39.0
207238,Whit/Pink,1,39.0,39.0
207268,Mandarin,1,39.0,39.0
207268,Blue Steel,1,39.0,39.0
207268,Chartreuse,1,39.0,39.0
207368,Multi,1,39.0,39.0
207299,Blue/Multi,1,39.0,39.0
517707,Blue/Multi,1,39.0,39.0
SPKDRS0058,Multi,1,39.0,39.0
SPKTP0033,Navy,1,39.0,39.0
SPKACS0006,Multi Whte,1,34.99,34.99
119029,Cornflower,1,31.2,31.2
SPKDRS0016,Multi,1,29.0,29.0
SPKBOT0015,Ivory/Navy,1,29.0,29.0
SPKONS0054,Caramel,1,29.0,29.0
SPKONS0025,Olive,1,29.0,29.0
SPKONS0026,Bone,1,29.0,29.0
SPKONS0037,Blue,1,29.0,29.0
SPKKNW0031,Coconut,1,29.0,29.0
SPKKNW0018,Ivory,1,29.0,29.0
118017,Navy,1,19.0,19.0
207312,Oatmeal,1,19.0,19.0
207135,Brandy,1,19.0,19.0
207307,Dijon,1,19.0,19.0
207118,Ultramar,1,19.0,19.0
207448,Multi,1,19.0,19.0
207378,Bluestone,1,19.0,19.0
SPKONS0026,Navy,1,19.0,19.0
SPKONS0018,Multi,1,19.0,19.0
SPKONS0048,Pl Blue,1,19.0,19.0
SPKDRS0043,Aqua,1,15.0,15.0
SPKTP0030,Ivory/Navy,1,15.0,15.0
SPKONS0016,Whit/Red,1,15.0,15.0
207047,Navy,1,65.66,-1.0
207070,Ice Blue,1,92.66,-41.99
117720,Berry,0,199.99,0.0
117939,Navy,0,99.0,0.0
115359,Belle Blue,0,169.99,0.0
118860,White,0,199.99,0.0
118551,Red/White,0,99.99,0.0
118542,Blue/White,0,159.0,0.0
118473,Multi Yell,0,399.99,0.0
118593,Winter Wht,0,159.0,0.0
119094,Multi,0,99.0,0.0
118615,Sapphire,0,329.0,0.0
118766,Wine,0,329.0,0.0
118537,Winter Wht,0,109.0,0.0
118538,Winter Wht,0,109.0,0.0
118579,Cerise,0,199.0,0.0
118364E,Pink/White,0,99.99,0.0
206870,Alabaster,0,79.0,0.0
119790,Grey,0,369.99,0.0
119761,Charcoal,0,149.99,0.0
119152,Pink Multi,0,249.99,0.0
119434,White,0,199.99,0.0
119305,Orchid,0,399.99,0.0
119405,Whit/Navy,0,199.99,0.0
119125,Whit/Navy,0,199.0,0.0
119416,Multi,0,249.99,0.0
119507,Navy,0,89.0,0.0
119567,White,0,149.99,0.0
119559,Winter Wht,0,229.99,0.0
DWVUE029,White,0,69.0,0.0
118894,Blue/White,0,74.0,-10.0
117781,Navy,0,104.0,-20.0
118202E,Regatta,0,107.1,-23.8
117989E,Sand,0,134.0,-30.0
207571,Dutch Blue,0,44.0,-30.0
119430,Multi,0,161.1,-35.8
114852E,Brt Pink,0,49.49,-40.99
119092,Whit/Pink,0,109.24,-40.99
119095,Multi,0,211.74,-50.99
118717,Navy/Whit,0,232.24,-70.99
119018,Ecru,0,134.49,-70.99
118538,Emerald,0,154.49,-90.99
118702,Green Mult,0,149.49,-100.99
118985,Red,0,149.49,-100.99
118763,Caramel,0,264.0,-130.0
206911G1,Charco Mel,0,83.54,-134.69
118570,Multi,0,209.49,-180.99
117923,Beetroot,0,204.49,-290.99
118411,Ivory/Mult,-1,59.0,-59.0
118679,Blue/Multi,-1,79.0,-79.0
115358E,Black,-1,129.99,-129.99
207726,WhiMulti,-1,129.99,-129.99
205083,Fatigue,-1,139.99,-139.99
117864,Navy Multi,-1,199.99,-199.99
119104,Milk,-1,329.99,-329.99
119772,Tan/White,-1,369.99,-369.99
